2055 Center St Berkeley CA 94704,0.2 Miles - Walk Score: 98,Studio,1 Bathroom,459 sq. ft,$2300
2055 Center St Berkeley CA 94704,0.2 Miles - Walk Score: 98,1 Bedroom,1 Bathroom,720 sq. ft,$2800
2055 Center St Berkeley CA 94704,0.2 Miles - Walk Score: 98,Studio,1 Bathroom,459 sq. ft,$2300
2055 Center St Berkeley CA 94704,0.2 Miles - Walk Score: 98,1 Bedroom,1 Bathroom,720 sq. ft,$2800
2055 Center St Berkeley CA 94704,0.2 Miles - Walk Score: 98,Studio,1 Bathroom,459 sq. ft,$2300
2055 Center St Berkeley CA 94704,0.2 Miles - Walk Score: 98,1 Bedroom,1 Bathroom,720 sq. ft,$2800
Berkeley CA 94710,1.5 Miles - Walk Score: 92,1 Bedroom,1 Bathroom,632 sq. ft,$8877
Berkeley CA 94710,1.5 Miles - Walk Score: 92,2 Bedroom,2 Bathroom,1152 sq. ft,$10197
Berkeley CA 94710,1.6 Miles - Walk Score: 88,1 Bedroom,1 Bathroom,733 sq. ft,$8877
2055 Center St Berkeley CA 94704,0.2 Miles - Walk Score: 98,Studio,1 Bathroom,459 sq. ft,$2300
2055 Center St Berkeley CA 94704,0.2 Miles - Walk Score: 98,1 Bedroom,1 Bathroom,720 sq. ft,$2800
Berkeley CA 94710,1.6 Miles - Walk Score: 88,2 Bedroom,2 Bathroom,1156 sq. ft,$10197
Berkeley CA 94705,1.6 Miles - Walk Score: 92,2 Bedroom,2 Bathroom,3800 sq. ft,$7700
Albany CA 94706,1.7 Miles - Walk Score: 90,3 Bedroom,2 Bathroom,1100 sq. ft,$6534
Berkeley CA 94708,1.7 Miles - Walk Score: 38,3 Bedroom,2 Bathroom,1800 sq. ft,$11550
Oakland CA 94609,2 Miles - Walk Score: 85,1 Bedroom,1 Bathroom,800 sq. ft,$7208
2055 Center St Berkeley CA 94704,0.2 Miles - Walk Score: 98,Studio,1 Bathroom,459 sq. ft,$2300
2055 Center St Berkeley CA 94704,0.2 Miles - Walk Score: 98,1 Bedroom,1 Bathroom,720 sq. ft,$2800
Emeryville CA 94608,2.2 Miles - Walk Score: 69,2 Bedroom,2 Bathroom,935 sq. ft,$10197
2055 Center St Berkeley CA 94704,0.2 Miles - Walk Score: 98,Studio,1 Bathroom,459 sq. ft,$2300
2055 Center St Berkeley CA 94704,0.2 Miles - Walk Score: 98,1 Bedroom,1 Bathroom,720 sq. ft,$2800
Emeryville CA 94608,2.2 Miles - Walk Score: 69,1 Bedroom,1 Bathroom,635 sq. ft,$8877
Oakland CA 94609,2.2 Miles - Walk Score: 90,1 Bedroom,2 Bathroom,600 sq. ft,$3960
Kensington CA 94707,2.3 Miles - Walk Score: 70,2 Bedroom,1 Bathroom,1140 sq. ft,$4675
2055 Center St Berkeley CA 94704,0.2 Miles - Walk Score: 98,Studio,1 Bathroom,459 sq. ft,$2300
2055 Center St Berkeley CA 94704,0.2 Miles - Walk Score: 98,1 Bedroom,1 Bathroom,720 sq. ft,$2800
2055 Center St Berkeley CA 94704,0.2 Miles - Walk Score: 98,Studio,1 Bathroom,459 sq. ft,$2300
2055 Center St Berkeley CA 94704,0.2 Miles - Walk Score: 98,1 Bedroom,1 Bathroom,720 sq. ft,$2800
Emeryville CA 94608,2.9 Miles - Walk Score: 81,1 Bedroom,1 Bathroom,720 sq. ft,$3300
Oakland CA 94611,3.4 Miles - Walk Score: 98,1 Bedroom,1 Bathroom,1000 sq. ft,$4400
2055 Center St Berkeley CA 94704,0.2 Miles - Walk Score: 98,Studio,1 Bathroom,459 sq. ft,$2300
2055 Center St Berkeley CA 94704,0.2 Miles - Walk Score: 98,1 Bedroom,1 Bathroom,720 sq. ft,$2800
296 Jayne Ave Oakland CA 94610,4.1 Miles - Walk Score: 78,3 Bedroom,2.5 Bathroom,2158 sq. ft,$5885
Oakland CA 94611,4.7 Miles - Walk Score: 48,1 Bedroom,1 Bathroom,1150 sq. ft,$2860
Oakland CA 94611,4.7 Miles - Walk Score: 48,1 Bedroom,1 Bathroom,579 sq. ft,$3000
2055 Center St Berkeley CA 94704,0.2 Miles - Walk Score: 98,Studio,1 Bathroom,459 sq. ft,$2300
2055 Center St Berkeley CA 94704,0.2 Miles - Walk Score: 98,1 Bedroom,1 Bathroom,720 sq. ft,$2800
2055 Center St Berkeley CA 94704,0.2 Miles - Walk Score: 98,2 Bedroom,1 Bathroom,592 sq. ft,$2500
2055 Center St Berkeley CA 94704,0.2 Miles - Walk Score: 98,1 Bedroom,1 Bathroom,335 sq. ft,$1200
651 Addison St Berkeley CA 94710,1.6 Miles - Walk Score: 88,1 Bedroom,1 Bathroom,741 sq. ft,$2685
651 Addison St Berkeley CA 94710,1.6 Miles - Walk Score: 88,Studio,1 Bathroom,610 sq. ft,$2360
651 Addison St Berkeley CA 94710,1.6 Miles - Walk Score: 88,2 Bedroom,1 Bathroom,856 sq. ft,$2830
1465 65th St Emeryville CA 94608,2.1 Miles - Walk Score: 74,1 Bedroom,1 Bathroom,683 sq. ft,$1650
1465 65th St Emeryville CA 94608,2.1 Miles - Walk Score: 74,2 Bedroom,2 Bathroom,961 sq. ft,$2000
2055 Center St Berkeley CA 94704,0.2 Miles - Walk Score: 98,Studio,1 Bathroom,459 sq. ft,$2300
2055 Center St Berkeley CA 94704,0.2 Miles - Walk Score: 98,1 Bedroom,1 Bathroom,720 sq. ft,$2800
2055 Center St Berkeley CA 94704,0.2 Miles - Walk Score: 98,Studio,1 Bathroom,459 sq. ft,$2300
2055 Center St Berkeley CA 94704,0.2 Miles - Walk Score: 98,1 Bedroom,1 Bathroom,720 sq. ft,$2800
Berkeley CA 94704,0.2 Miles - Walk Score: 97,Studio,1 Bathroom,365 sq. ft,$1495
2055 Center St Berkeley CA 94704,0.2 Miles - Walk Score: 98,Studio,1 Bathroom,459 sq. ft,$2300
2055 Center St Berkeley CA 94704,0.2 Miles - Walk Score: 98,1 Bedroom,1 Bathroom,720 sq. ft,$2800
Berkeley CA 94704,0.2 Miles - Walk Score: 98,Studio,1 Bathroom,153 sq. ft,$1195
2055 Center St Berkeley CA 94704,0.2 Miles - Walk Score: 98,Studio,1 Bathroom,459 sq. ft,$2300
2055 Center St Berkeley CA 94704,0.2 Miles - Walk Score: 98,1 Bedroom,1 Bathroom,720 sq. ft,$2800
2055 Center St Berkeley CA 94704,0.2 Miles - Walk Score: 98,Studio,1 Bathroom,459 sq. ft,$2300
2055 Center St Berkeley CA 94704,0.2 Miles - Walk Score: 98,1 Bedroom,1 Bathroom,720 sq. ft,$2800
1910 Oxford St Berkeley CA 94704,0.4 Miles - Walk Score: 95,2 Bedroom,1 Bathroom,663 sq. ft,$4060
2055 Center St Berkeley CA 94704,0.2 Miles - Walk Score: 98,Studio,1 Bathroom,459 sq. ft,$2300
2055 Center St Berkeley CA 94704,0.2 Miles - Walk Score: 98,1 Bedroom,1 Bathroom,720 sq. ft,$2800
1910 Oxford St Berkeley CA 94704,0.4 Miles - Walk Score: 95,2 Bedroom,1 Bathroom,898 sq. ft,$4333
2055 Center St Berkeley CA 94704,0.2 Miles - Walk Score: 98,Studio,1 Bathroom,459 sq. ft,$2300
2055 Center St Berkeley CA 94704,0.2 Miles - Walk Score: 98,1 Bedroom,1 Bathroom,720 sq. ft,$2800
2055 Center St Berkeley CA 94704,0.2 Miles - Walk Score: 98,Studio,1 Bathroom,459 sq. ft,$2300
2055 Center St Berkeley CA 94704,0.2 Miles - Walk Score: 98,1 Bedroom,1 Bathroom,720 sq. ft,$2800
2055 Center St Berkeley CA 94704,0.2 Miles - Walk Score: 98,Studio,1 Bathroom,459 sq. ft,$2300
2055 Center St Berkeley CA 94704,0.2 Miles - Walk Score: 98,1 Bedroom,1 Bathroom,720 sq. ft,$2800
2055 Center St Berkeley CA 94704,0.2 Miles - Walk Score: 98,Studio,1 Bathroom,459 sq. ft,$2300
2055 Center St Berkeley CA 94704,0.2 Miles - Walk Score: 98,1 Bedroom,1 Bathroom,720 sq. ft,$2800
Berkeley CA 94703,0.5 Miles - Walk Score: 87,1 Bedroom,1 Bathroom,800 sq. ft,$2975
2055 Center St Berkeley CA 94704,0.2 Miles - Walk Score: 98,Studio,1 Bathroom,459 sq. ft,$2300
2055 Center St Berkeley CA 94704,0.2 Miles - Walk Score: 98,1 Bedroom,1 Bathroom,720 sq. ft,$2800
2055 Center St Berkeley CA 94704,0.2 Miles - Walk Score: 98,Studio,1 Bathroom,459 sq. ft,$2300
2055 Center St Berkeley CA 94704,0.2 Miles - Walk Score: 98,1 Bedroom,1 Bathroom,720 sq. ft,$2800
1931 Dwight Way Berkeley CA 94704,0.6 Miles - Walk Score: 91,1 Bedroom,1 Bathroom,347 sq. ft,$1595
2055 Center St Berkeley CA 94704,0.2 Miles - Walk Score: 98,Studio,1 Bathroom,459 sq. ft,$2300
2055 Center St Berkeley CA 94704,0.2 Miles - Walk Score: 98,1 Bedroom,1 Bathroom,720 sq. ft,$2800
1426 Addison St Berkeley CA 94702,0.6 Miles - Walk Score: 82,3 Bedroom,2 Bathroom,1000 sq. ft,$4395
2110 Haste St Berkeley CA 94704,0.6 Miles - Walk Score: 93,2 Bedroom,1 Bathroom,824 sq. ft,$3566
2110 Haste St Berkeley CA 94704,0.6 Miles - Walk Score: 93,1 Bedroom,1 Bathroom,454 sq. ft,$2976
2110 Haste St Berkeley CA 94704,0.6 Miles - Walk Score: 93,2 Bedroom,1 Bathroom,503 sq. ft,$3241
2110 Haste St Berkeley CA 94704,0.6 Miles - Walk Score: 93,2 Bedroom,1 Bathroom,584 sq. ft,$3637
2055 Center St Berkeley CA 94704,0.2 Miles - Walk Score: 98,Studio,1 Bathroom,459 sq. ft,$2300
2055 Center St Berkeley CA 94704,0.2 Miles - Walk Score: 98,1 Bedroom,1 Bathroom,720 sq. ft,$2800
1901 Dwight Way Berkeley CA 94704,0.6 Miles - Walk Score: 85,2 Bedroom,1 Bathroom,793 sq. ft,$3415
1901 Dwight Way Berkeley CA 94704,0.6 Miles - Walk Score: 85,2 Bedroom,1 Bathroom,878 sq. ft,$3500
1901 Dwight Way Berkeley CA 94704,0.6 Miles - Walk Score: 85,2 Bedroom,1 Bathroom,878 sq. ft,$3500
1901 Dwight Way Berkeley CA 94704,0.6 Miles - Walk Score: 85,3 Bedroom,2 Bathroom,1070 sq. ft,$4585
1901 Dwight Way Berkeley CA 94704,0.6 Miles - Walk Score: 85,1 Bedroom,1 Bathroom,612 sq. ft,$2595
2028 Dwight Way Berkeley CA 94704,0.6 Miles - Walk Score: 89,2 Bedroom,1 Bathroom,875 sq. ft,$2895
2055 Center St Berkeley CA 94704,0.2 Miles - Walk Score: 98,Studio,1 Bathroom,459 sq. ft,$2300
2055 Center St Berkeley CA 94704,0.2 Miles - Walk Score: 98,1 Bedroom,1 Bathroom,720 sq. ft,$2800
Berkeley CA 94702,0.6 Miles - Walk Score: 89,3 Bedroom,2 Bathroom,1393 sq. ft,$4500
2055 Center St Berkeley CA 94704,0.2 Miles - Walk Score: 98,Studio,1 Bathroom,459 sq. ft,$2300
2055 Center St Berkeley CA 94704,0.2 Miles - Walk Score: 98,1 Bedroom,1 Bathroom,720 sq. ft,$2800
2055 Center St Berkeley CA 94704,0.2 Miles - Walk Score: 98,Studio,1 Bathroom,459 sq. ft,$2300
2055 Center St Berkeley CA 94704,0.2 Miles - Walk Score: 98,1 Bedroom,1 Bathroom,720 sq. ft,$2800
2055 Center St Berkeley CA 94704,0.2 Miles - Walk Score: 98,Studio,1 Bathroom,280 sq. ft,$1845
2055 Center St Berkeley CA 94704,0.2 Miles - Walk Score: 98,Studio,1 Bathroom,459 sq. ft,$2300
2055 Center St Berkeley CA 94704,0.2 Miles - Walk Score: 98,1 Bedroom,1 Bathroom,720 sq. ft,$2800
Berkeley CA 94704,0.7 Miles - Walk Score: 92,3 Bedroom,2 Bathroom,735 sq. ft,$4295
2055 Center St Berkeley CA 94704,0.2 Miles - Walk Score: 98,Studio,1 Bathroom,459 sq. ft,$2300
2055 Center St Berkeley CA 94704,0.2 Miles - Walk Score: 98,1 Bedroom,1 Bathroom,720 sq. ft,$2800
2121 Parker St Berkeley CA 94704,0.7 Miles - Walk Score: 91,2 Bedroom,1 Bathroom,650 sq. ft,$2350
Berkeley CA 94709,0.7 Miles - Walk Score: 86,1 Bedroom,1 Bathroom,900 sq. ft,$2600
2055 Center St Berkeley CA 94704,0.2 Miles - Walk Score: 98,Studio,1 Bathroom,459 sq. ft,$2300
2055 Center St Berkeley CA 94704,0.2 Miles - Walk Score: 98,1 Bedroom,1 Bathroom,720 sq. ft,$2800
Charming Studio 1 bath,0.8 Miles - Walk Score: 89,Studio,1 Bathroom,445 sq. ft,$1995
2055 Center St Berkeley CA 94704,0.2 Miles - Walk Score: 98,Studio,1 Bathroom,459 sq. ft,$2300
2055 Center St Berkeley CA 94704,0.2 Miles - Walk Score: 98,1 Bedroom,1 Bathroom,720 sq. ft,$2800
Berkeley CA 94709,0.8 Miles - Walk Score: 87,2 Bedroom,1 Bathroom,760 sq. ft,$2495
2500 Durant Ave Berkeley CA 94704,0.8 Miles - Walk Score: 92,2 Bedroom,2 Bathroom,708 sq. ft,$3045
2500 Durant Ave Berkeley CA 94704,0.8 Miles - Walk Score: 92,2 Bedroom,2 Bathroom,708 sq. ft,$3045
2500 Durant Ave Berkeley CA 94704,0.8 Miles - Walk Score: 92,1 Bedroom,1 Bathroom,551 sq. ft,$2045
2055 Center St Berkeley CA 94704,0.2 Miles - Walk Score: 98,Studio,1 Bathroom,459 sq. ft,$2300
2055 Center St Berkeley CA 94704,0.2 Miles - Walk Score: 98,1 Bedroom,1 Bathroom,720 sq. ft,$2800
2500 Durant Ave Berkeley CA 94704,0.8 Miles - Walk Score: 92,2 Bedroom,2 Bathroom,708 sq. ft,$3045
2055 Center St Berkeley CA 94704,0.2 Miles - Walk Score: 98,Studio,1 Bathroom,459 sq. ft,$2300
2055 Center St Berkeley CA 94704,0.2 Miles - Walk Score: 98,1 Bedroom,1 Bathroom,720 sq. ft,$2800
2055 Center St Berkeley CA 94704,0.2 Miles - Walk Score: 98,Studio,1 Bathroom,459 sq. ft,$2300
2055 Center St Berkeley CA 94704,0.2 Miles - Walk Score: 98,1 Bedroom,1 Bathroom,720 sq. ft,$2800
0.9 Miles - Walk Score: 74,0.9 Miles - Walk Score: 84,1 Bedroom,1 Bathroom,5884 sq. ft,$1400
2055 Center St Berkeley CA 94704,0.2 Miles - Walk Score: 98,Studio,1 Bathroom,459 sq. ft,$2300
2055 Center St Berkeley CA 94704,0.2 Miles - Walk Score: 98,1 Bedroom,1 Bathroom,720 sq. ft,$2800
2055 Center St Berkeley CA 94704,0.2 Miles - Walk Score: 98,Studio,1 Bathroom,459 sq. ft,$2300
2055 Center St Berkeley CA 94704,0.2 Miles - Walk Score: 98,1 Bedroom,1 Bathroom,720 sq. ft,$2800
2224 Derby St Berkeley CA 94705,0.9 Miles - Walk Score: 87,1 Bedroom,1 Bathroom,750 sq. ft,$2100
2055 Center St Berkeley CA 94704,0.2 Miles - Walk Score: 98,Studio,1 Bathroom,459 sq. ft,$2300
2055 Center St Berkeley CA 94704,0.2 Miles - Walk Score: 98,1 Bedroom,1 Bathroom,720 sq. ft,$2800
2055 Center St Berkeley CA 94704,0.2 Miles - Walk Score: 98,2 Bedroom,1 Bathroom,800 sq. ft,$1495
2012 Stuart St Berkeley CA 94703,1 Miles - Walk Score: 90,2 Bedroom,1 Bathroom,720 sq. ft,$2480
1236 sq. ft,1 Miles - Walk Score: 89,1 Bedroom,1 Bathroom,500 sq. ft,$1850
2055 Center St Berkeley CA 94704,0.2 Miles - Walk Score: 98,Studio,1 Bathroom,459 sq. ft,$2300
2055 Center St Berkeley CA 94704,0.2 Miles - Walk Score: 98,1 Bedroom,1 Bathroom,720 sq. ft,$2800
1 Miles - Walk Score: 86,1 Miles - Walk Score: 92,4 Bedroom,3.5 Bathroom,1700 sq. ft,$4800
2055 Center St Berkeley CA 94704,0.2 Miles - Walk Score: 98,Studio,1 Bathroom,459 sq. ft,$2300
2055 Center St Berkeley CA 94704,0.2 Miles - Walk Score: 98,1 Bedroom,1 Bathroom,720 sq. ft,$2800
2055 Center St Berkeley CA 94704,0.2 Miles - Walk Score: 98,Studio,1 Bathroom,459 sq. ft,$2300
2055 Center St Berkeley CA 94704,0.2 Miles - Walk Score: 98,1 Bedroom,1 Bathroom,720 sq. ft,$2800
2055 Center St Berkeley CA 94704,0.2 Miles - Walk Score: 98,Studio,1 Bathroom,459 sq. ft,$2300
2055 Center St Berkeley CA 94704,0.2 Miles - Walk Score: 98,1 Bedroom,1 Bathroom,720 sq. ft,$2800
2055 Center St Berkeley CA 94704,0.2 Miles - Walk Score: 98,Studio,1 Bathroom,459 sq. ft,$2300
2055 Center St Berkeley CA 94704,0.2 Miles - Walk Score: 98,1 Bedroom,1 Bathroom,720 sq. ft,$2800
Berkeley CA 94710,1.2 Miles - Walk Score: 87,1 Bedroom,1 Bathroom,900 sq. ft,$2900
1106 Oxford St Berkeley CA 94707,1.2 Miles - Walk Score: 54,1 Bedroom,1 Bathroom,650 sq. ft,$2800
Amazing 3 bedroom 1 bath for rent,1.2 Miles - Walk Score: 92,3 Bedroom,1 Bathroom,800 sq. ft,$3395
2055 Center St Berkeley CA 94704,0.2 Miles - Walk Score: 98,Studio,1 Bathroom,459 sq. ft,$2300
2055 Center St Berkeley CA 94704,0.2 Miles - Walk Score: 98,1 Bedroom,1 Bathroom,720 sq. ft,$2800
2461 Warring St Berkeley CA 94704,1.3 Miles - Walk Score: 74,1 Bedroom,1 Bathroom,700 sq. ft,$1900
2461 Warring St Berkeley CA 94704,1.3 Miles - Walk Score: 74,2 Bedroom,2 Bathroom,1050 sq. ft,$3300
2055 Center St Berkeley CA 94704,0.2 Miles - Walk Score: 98,Studio,1 Bathroom,459 sq. ft,$2300
2055 Center St Berkeley CA 94704,0.2 Miles - Walk Score: 98,1 Bedroom,1 Bathroom,720 sq. ft,$2800
Berkeley CA 94708,1.3 Miles - Walk Score: 36,3 Bedroom,2 Bathroom,1950 sq. ft,$5100
2801 College Ave - 3,1.3 Miles - Walk Score: 89,1 Bedroom,1 Bathroom,573 sq. ft,$2050
2638 Warring St Berkeley CA 94704,1.3 Miles - Walk Score: 54,1 Bedroom,1 Bathroom,701 sq. ft,$1900
2055 Center St Berkeley CA 94704,0.2 Miles - Walk Score: 98,Studio,1 Bathroom,459 sq. ft,$2300
2055 Center St Berkeley CA 94704,0.2 Miles - Walk Score: 98,1 Bedroom,1 Bathroom,720 sq. ft,$2800
2055 Center St Berkeley CA 94704,0.2 Miles - Walk Score: 98,Studio,1 Bathroom,459 sq. ft,$2300
2055 Center St Berkeley CA 94704,0.2 Miles - Walk Score: 98,1 Bedroom,1 Bathroom,720 sq. ft,$2800
2001 5th St Berkeley CA 94710,1.4 Miles - Walk Score: 94,1 Bedroom,1 Bathroom,725 sq. ft,$3100
2055 Center St Berkeley CA 94704,0.2 Miles - Walk Score: 98,Studio,1 Bathroom,459 sq. ft,$2300
2055 Center St Berkeley CA 94704,0.2 Miles - Walk Score: 98,1 Bedroom,1 Bathroom,720 sq. ft,$2800
2020 Fourth St Berkeley CA 94710,1.5 Miles - Walk Score: 92,2 Bedroom,2 Bathroom,1078 sq. ft,$3263
2020 Fourth St Berkeley CA 94710,1.5 Miles - Walk Score: 92,1 Bedroom,1 Bathroom,747 sq. ft,$2572
2511 Prince Street - 3,1.5 Miles - Walk Score: 93,1 Bedroom,1 Bathroom,600 sq. ft,$1800
2055 Center St Berkeley CA 94704,0.2 Miles - Walk Score: 98,Studio,1 Bathroom,459 sq. ft,$2300
2055 Center St Berkeley CA 94704,0.2 Miles - Walk Score: 98,1 Bedroom,1 Bathroom,720 sq. ft,$2800
2055 Center St Berkeley CA 94704,0.2 Miles - Walk Score: 98,Studio,1 Bathroom,459 sq. ft,$2300
2055 Center St Berkeley CA 94704,0.2 Miles - Walk Score: 98,1 Bedroom,1 Bathroom,720 sq. ft,$2800
2055 Center St Berkeley CA 94704,0.2 Miles - Walk Score: 98,Studio,1 Bathroom,459 sq. ft,$2300
2055 Center St Berkeley CA 94704,0.2 Miles - Walk Score: 98,1 Bedroom,1 Bathroom,720 sq. ft,$2800
1438 Grizzly Peak,1.6 Miles - Walk Score: 28,3 Bedroom,2 Bathroom,1899 sq. ft,$5200
651 Addison St Berkeley CA 94710,1.6 Miles - Walk Score: 88,1 Bedroom,1 Bathroom,640 sq. ft,$2605
651 Addison St Berkeley CA 94710,1.6 Miles - Walk Score: 88,2 Bedroom,2 Bathroom,1168 sq. ft,$3735
651 Addison St Berkeley CA 94710,1.6 Miles - Walk Score: 88,1 Bedroom,1 Bathroom,851 sq. ft,$2690
651 Addison St Berkeley CA 94710,1.6 Miles - Walk Score: 88,2 Bedroom,2 Bathroom,1161 sq. ft,$3620
651 Addison St Berkeley CA 94710,1.6 Miles - Walk Score: 88,1 Bedroom,1 Bathroom,741 sq. ft,$2500
2055 Center St Berkeley CA 94704,0.2 Miles - Walk Score: 98,Studio,1 Bathroom,459 sq. ft,$2300
2055 Center St Berkeley CA 94704,0.2 Miles - Walk Score: 98,1 Bedroom,1 Bathroom,720 sq. ft,$2800
651 Addison St Berkeley CA 94710,1.6 Miles - Walk Score: 88,1 Bedroom,1 Bathroom,852 sq. ft,$2860
651 Addison St Berkeley CA 94710,1.6 Miles - Walk Score: 88,2 Bedroom,2 Bathroom,1166 sq. ft,$3515
1054 67th St Oakland CA 94608,1.6 Miles - Walk Score: 82,2 Bedroom,1 Bathroom,750 sq. ft,$2175
2055 Center St Berkeley CA 94704,0.2 Miles - Walk Score: 98,Studio,1 Bathroom,459 sq. ft,$2300
2055 Center St Berkeley CA 94704,0.2 Miles - Walk Score: 98,1 Bedroom,1 Bathroom,720 sq. ft,$2800
1813 63rd St Berkeley CA 94703,1.6 Miles - Walk Score: 83,2 Bedroom,1 Bathroom,865 sq. ft,$2100
1813 63rd St Berkeley CA 94703,1.6 Miles - Walk Score: 83,2 Bedroom,1 Bathroom,865 sq. ft,$1995
2055 Center St Berkeley CA 94704,0.2 Miles - Walk Score: 98,Studio,1 Bathroom,459 sq. ft,$2300
2055 Center St Berkeley CA 94704,0.2 Miles - Walk Score: 98,1 Bedroom,1 Bathroom,720 sq. ft,$2800
3110 College Avenue - 06,1.6 Miles - Walk Score: 92,1 Bedroom,1 Bathroom,900 sq. ft,$2650
2947 Pine Ave Berkeley CA 94705,1.6 Miles - Walk Score: 86,1 Bedroom,1 Bathroom,700 sq. ft,$3450
986 Kains Ave Albany CA 94706,1.7 Miles - Walk Score: 87,2 Bedroom,1 Bathroom,860 sq. ft,$2850
962 63rd St Oakland CA 94608,1.7 Miles - Walk Score: 79,2 Bedroom,1 Bathroom,900 sq. ft,$2300
2055 Center St Berkeley CA 94704,0.2 Miles - Walk Score: 98,Studio,1 Bathroom,459 sq. ft,$2300
2055 Center St Berkeley CA 94704,0.2 Miles - Walk Score: 98,1 Bedroom,1 Bathroom,720 sq. ft,$2800
720 61st Street Oakland CA 94609,1.7 Miles - Walk Score: 86,3 Bedroom,2 Bathroom,1500 sq. ft,$5000
Berkeley CA 94703,1.7 Miles - Walk Score: 84,3 Bedroom,2 Bathroom,2100 sq. ft,$4200
722 61st Street Oakland CA 94609,1.8 Miles - Walk Score: 86,2 Bedroom,1 Bathroom,700 sq. ft,$3000
1BR/1 1BA Condo - Close to BART,1.8 Miles - Walk Score: 89,1 Bedroom,1.5 Bathroom,1000 sq. ft,$2495
2055 Center St Berkeley CA 94704,0.2 Miles - Walk Score: 98,Studio,1 Bathroom,459 sq. ft,$2300
2055 Center St Berkeley CA 94704,0.2 Miles - Walk Score: 98,1 Bedroom,1 Bathroom,720 sq. ft,$2800
2055 Center St Berkeley CA 94704,0.2 Miles - Walk Score: 98,Studio,1 Bathroom,459 sq. ft,$2300
2055 Center St Berkeley CA 94704,0.2 Miles - Walk Score: 98,1 Bedroom,1 Bathroom,720 sq. ft,$2800
715 Pomona Avenue Albany CA 94706,1.8 Miles - Walk Score: 79,4 Bedroom,2 Bathroom,1418 sq. ft,$4500
25 Plaza Drive Berkeley CA 94705,1.8 Miles - Walk Score: 83,3 Bedroom,2 Bathroom,2320 sq. ft,$5995
1200 65th St Emeryville CA 94608,1.9 Miles - Walk Score: 89,2 Bedroom,1 Bathroom,1400 sq. ft,$3500
2055 Center St Berkeley CA 94704,0.2 Miles - Walk Score: 98,Studio,1 Bathroom,459 sq. ft,$2300
2055 Center St Berkeley CA 94704,0.2 Miles - Walk Score: 98,1 Bedroom,1 Bathroom,720 sq. ft,$2800
434 60th Street Oakland CA 94609,1.9 Miles - Walk Score: 89,1 Bedroom,1.5 Bathroom,129 sq. ft,$1260
Oakland CA 94609,1.9 Miles - Walk Score: 85,1 Bedroom,1 Bathroom,500 sq. ft,$2850
Upgraded 1912 Craftsman Home,1.9 Miles - Walk Score: 86,2 Bedroom,1.5 Bathroom,1004 sq. ft,$3200
2055 Center St Berkeley CA 94704,0.2 Miles - Walk Score: 98,Studio,1 Bathroom,459 sq. ft,$2300
2055 Center St Berkeley CA 94704,0.2 Miles - Walk Score: 98,1 Bedroom,1 Bathroom,720 sq. ft,$2800
Emeryville CA 94608,2 Miles - Walk Score: 86,3 Bedroom,2 Bathroom,1800 sq. ft,$4200
2055 Center St Berkeley CA 94704,0.2 Miles - Walk Score: 98,Studio,1 Bathroom,459 sq. ft,$2300
2055 Center St Berkeley CA 94704,0.2 Miles - Walk Score: 98,1 Bedroom,1 Bathroom,720 sq. ft,$2800
570 Forest St Oakland CA 94618,2 Miles - Walk Score: 90,2 Bedroom,2 Bathroom,1744 sq. ft,$4995
Courtyards at 65th Street,2.1 Miles - Walk Score: 80,1 Bedroom,1 Bathroom,708 sq. ft,$2435
Courtyards at 65th Street,2.1 Miles - Walk Score: 80,2 Bedroom,2 Bathroom,1029 sq. ft,$3090
2055 Center St Berkeley CA 94704,0.2 Miles - Walk Score: 98,Studio,1 Bathroom,459 sq. ft,$2300
2055 Center St Berkeley CA 94704,0.2 Miles - Walk Score: 98,1 Bedroom,1 Bathroom,720 sq. ft,$2800
6400 Christie Ave #2310,2.2 Miles - Walk Score: 74,1 Bedroom,1 Bathroom,658 sq. ft,$2395
2055 Center St Berkeley CA 94704,0.2 Miles - Walk Score: 98,Studio,1 Bathroom,459 sq. ft,$2300
2055 Center St Berkeley CA 94704,0.2 Miles - Walk Score: 98,1 Bedroom,1 Bathroom,720 sq. ft,$2800
2055 Center St Berkeley CA 94704,0.2 Miles - Walk Score: 98,Studio,1 Bathroom,459 sq. ft,$2300
2055 Center St Berkeley CA 94704,0.2 Miles - Walk Score: 98,1 Bedroom,1 Bathroom,720 sq. ft,$2800
Berkeley CA 94705,2.2 Miles - Walk Score: 16,3 Bedroom,2 Bathroom,2000 sq. ft,$5000
785 Taft St Albany CA 94706,2.2 Miles - Walk Score: 75,2 Bedroom,1 Bathroom,1234 sq. ft,$2495
2055 Center St Berkeley CA 94704,0.2 Miles - Walk Score: 98,Studio,1 Bathroom,459 sq. ft,$2300
2055 Center St Berkeley CA 94704,0.2 Miles - Walk Score: 98,1 Bedroom,1 Bathroom,720 sq. ft,$2800
5532 Vicente Way Oakland CA 94609,2.2 Miles - Walk Score: 90,1 Bedroom,2 Bathroom,600 sq. ft,$3960
745 54th Street Oakland CA 94609,2.3 Miles - Walk Score: 87,2 Bedroom,1 Bathroom,920 sq. ft,$2495
747 54th Street Oakland CA 94609,2.3 Miles - Walk Score: 87,2 Bedroom,1 Bathroom,950 sq. ft,$2800
2055 Center St Berkeley CA 94704,0.2 Miles - Walk Score: 98,Studio,1 Bathroom,459 sq. ft,$2300
2055 Center St Berkeley CA 94704,0.2 Miles - Walk Score: 98,1 Bedroom,1 Bathroom,720 sq. ft,$2800
2055 Center St Berkeley CA 94704,0.2 Miles - Walk Score: 98,Studio,1 Bathroom,423 sq. ft,$2260
2055 Center St Berkeley CA 94704,0.2 Miles - Walk Score: 98,Studio,1 Bathroom,459 sq. ft,$2300
2055 Center St Berkeley CA 94704,0.2 Miles - Walk Score: 98,1 Bedroom,1 Bathroom,720 sq. ft,$2800
2055 Center St Berkeley CA 94704,0.2 Miles - Walk Score: 98,Studio,1 Bathroom,459 sq. ft,$2300
2055 Center St Berkeley CA 94704,0.2 Miles - Walk Score: 98,1 Bedroom,1 Bathroom,720 sq. ft,$2800
Move-in condition 1 bedroom 1 bath,2.3 Miles - Walk Score: 62,1 Bedroom,1 Bathroom,714 sq. ft,$2866
2055 Center St Berkeley CA 94704,0.2 Miles - Walk Score: 98,Studio,1 Bathroom,459 sq. ft,$2300
2055 Center St Berkeley CA 94704,0.2 Miles - Walk Score: 98,1 Bedroom,1 Bathroom,720 sq. ft,$2800
2055 Center St Berkeley CA 94704,0.2 Miles - Walk Score: 98,1 Bedroom,1 Bathroom,734 sq. ft,$2769
Emeryville 1 bed 1 bath for rent,2.3 Miles - Walk Score: 84,1 Bedroom,1 Bathroom,734 sq. ft,$2942
1BR/1BA Apartment - Oakland,2.4 Miles - Walk Score: 94,1 Bedroom,1 Bathroom,400 sq. ft,$1850
2055 Center St Berkeley CA 94704,0.2 Miles - Walk Score: 98,Studio,1 Bathroom,459 sq. ft,$2300
2055 Center St Berkeley CA 94704,0.2 Miles - Walk Score: 98,1 Bedroom,1 Bathroom,720 sq. ft,$2800
1111 54th St Emeryville CA 94608,2.4 Miles - Walk Score: 85,3 Bedroom,1.5 Bathroom,900 sq. ft,$2500
2055 Center St Berkeley CA 94704,0.2 Miles - Walk Score: 98,Studio,1 Bathroom,459 sq. ft,$2300
2055 Center St Berkeley CA 94704,0.2 Miles - Walk Score: 98,1 Bedroom,1 Bathroom,720 sq. ft,$2800
545 Pierce St Albany CA 94706,2.4 Miles - Walk Score: 83,2 Bedroom,2 Bathroom,1234 sq. ft,$3200
2055 Center St Berkeley CA 94704,0.2 Miles - Walk Score: 98,Studio,1 Bathroom,459 sq. ft,$2300
2055 Center St Berkeley CA 94704,0.2 Miles - Walk Score: 98,1 Bedroom,1 Bathroom,720 sq. ft,$2800
6816 Lawton Ave Oakland CA 94618,2.5 Miles - Walk Score: 63,4 Bedroom,2 Bathroom,2400 sq. ft,$2200
Emeryville CA 94608,2.5 Miles - Walk Score: 83,2 Bedroom,1 Bathroom,700 sq. ft,$3100
535 Pierce Street Albany CA 94706,2.6 Miles - Walk Score: 75,2 Bedroom,2 Bathroom,1170 sq. ft,$2995
2055 Center St Berkeley CA 94704,0.2 Miles - Walk Score: 98,Studio,1 Bathroom,459 sq. ft,$2300
2055 Center St Berkeley CA 94704,0.2 Miles - Walk Score: 98,1 Bedroom,1 Bathroom,720 sq. ft,$2800
5684 Bay St Emeryville CA 94608,2.7 Miles - Walk Score: 71,1 Bedroom,1 Bathroom,714 sq. ft,$3187
5684 Bay St Emeryville CA 94608,2.7 Miles - Walk Score: 71,1 Bedroom,1 Bathroom,714 sq. ft,$2667
5684 Bay St Emeryville CA 94608,2.7 Miles - Walk Score: 71,2 Bedroom,2 Bathroom,1036 sq. ft,$3195
2055 Center St Berkeley CA 94704,0.2 Miles - Walk Score: 98,Studio,1 Bathroom,459 sq. ft,$2300
2055 Center St Berkeley CA 94704,0.2 Miles - Walk Score: 98,1 Bedroom,1 Bathroom,720 sq. ft,$2800
5684 Bay St Emeryville CA 94608,2.7 Miles - Walk Score: 71,2 Bedroom,2 Bathroom,1033 sq. ft,$2886
2055 Center St Berkeley CA 94704,0.2 Miles - Walk Score: 98,Studio,1 Bathroom,459 sq. ft,$2300
2055 Center St Berkeley CA 94704,0.2 Miles - Walk Score: 98,1 Bedroom,1 Bathroom,720 sq. ft,$2800
852 42nd St Oakland CA 94608,2.7 Miles - Walk Score: 85,3 Bedroom,2.5 Bathroom,1688 sq. ft,$3700
33 Schooner Hill Oakland CA 94618,2.7 Miles - Walk Score: 17,2 Bedroom,2 Bathroom,1364 sq. ft,$4250
2055 Center St Berkeley CA 94704,0.2 Miles - Walk Score: 98,Studio,1 Bathroom,459 sq. ft,$2300
2055 Center St Berkeley CA 94704,0.2 Miles - Walk Score: 98,1 Bedroom,1 Bathroom,720 sq. ft,$2800
45 Kenyon Ave Kensington CA 94708,2.7 Miles - Walk Score: 34,3 Bedroom,2 Bathroom,1642 sq. ft,$3750
1007 41st St Oakland CA 94608,2.7 Miles - Walk Score: 84,2 Bedroom,2 Bathroom,1214 sq. ft,$3100
1007 41st St Oakland CA 94608,2.7 Miles - Walk Score: 84,1 Bedroom,1 Bathroom,1000 sq. ft,$1750
2055 Center St Berkeley CA 94704,0.2 Miles - Walk Score: 98,Studio,1 Bathroom,459 sq. ft,$2300
2055 Center St Berkeley CA 94704,0.2 Miles - Walk Score: 98,1 Bedroom,1 Bathroom,720 sq. ft,$2800
2055 Center St Berkeley CA 94704,0.2 Miles - Walk Score: 98,Studio,1 Bathroom,459 sq. ft,$2300
2055 Center St Berkeley CA 94704,0.2 Miles - Walk Score: 98,1 Bedroom,1 Bathroom,720 sq. ft,$2800
Emeryville CA 94608,2.9 Miles - Walk Score: 82,3 Bedroom,1 Bathroom,144 sq. ft,$925
2055 Center St Berkeley CA 94704,0.2 Miles - Walk Score: 98,Studio,1 Bathroom,459 sq. ft,$2300
2055 Center St Berkeley CA 94704,0.2 Miles - Walk Score: 98,1 Bedroom,1 Bathroom,720 sq. ft,$2800
Oakland CA 94608,2.9 Miles - Walk Score: 85,3 Bedroom,1 Bathroom,1244 sq. ft,$925
2055 Center St Berkeley CA 94704,0.2 Miles - Walk Score: 98,Studio,1 Bathroom,459 sq. ft,$2300
2055 Center St Berkeley CA 94704,0.2 Miles - Walk Score: 98,1 Bedroom,1 Bathroom,720 sq. ft,$2800
Oakland CA 94609,2.9 Miles - Walk Score: 91,1 Bedroom,1 Bathroom,800 sq. ft,$2850
2055 Center St Berkeley CA 94704,0.2 Miles - Walk Score: 98,Studio,1 Bathroom,459 sq. ft,$2300
2055 Center St Berkeley CA 94704,0.2 Miles - Walk Score: 98,1 Bedroom,1 Bathroom,720 sq. ft,$2800
Oakland CA 94618,2.9 Miles - Walk Score: 52,4 Bedroom,3 Bathroom,2200 sq. ft,$6500
1325 40th St Emeryville CA 94608,3 Miles - Walk Score: 82,1 Bedroom,1 Bathroom,788 sq. ft,$2645
32 Anson Way Kensington CA 94707,3 Miles - Walk Score: 46,2 Bedroom,1 Bathroom,2600 sq. ft,$4500
2055 Center St Berkeley CA 94704,0.2 Miles - Walk Score: 98,Studio,1 Bathroom,459 sq. ft,$2300
2055 Center St Berkeley CA 94704,0.2 Miles - Walk Score: 98,1 Bedroom,1 Bathroom,720 sq. ft,$2800
320 Caldecott Ln Oakland CA 94618,3 Miles - Walk Score: 8,2 Bedroom,2 Bathroom,1158 sq. ft,$2900
320 Caldecott Ln Oakland CA 94618,3 Miles - Walk Score: 8,1 Bedroom,1 Bathroom,728 sq. ft,$2200
Oakland CA 94611,3 Miles - Walk Score: 83,1 Bedroom,1 Bathroom,625 sq. ft,$2095
2055 Center St Berkeley CA 94704,0.2 Miles - Walk Score: 98,Studio,1 Bathroom,459 sq. ft,$2300
2055 Center St Berkeley CA 94704,0.2 Miles - Walk Score: 98,1 Bedroom,1 Bathroom,720 sq. ft,$2800
2 Neva Court Oakland CA 94611,3.1 Miles - Walk Score: 14,2 Bedroom,1 Bathroom,1650 sq. ft,$3800
481 38th Street Oakland CA 94609,3.1 Miles - Walk Score: 90,1 Bedroom,1 Bathroom,525 sq. ft,$1895
2055 Center St Berkeley CA 94704,0.2 Miles - Walk Score: 98,Studio,1 Bathroom,459 sq. ft,$2300
2055 Center St Berkeley CA 94704,0.2 Miles - Walk Score: 98,1 Bedroom,1 Bathroom,720 sq. ft,$2800
306 40th Street Oakland CA 94609,3.1 Miles - Walk Score: 97,2 Bedroom,1 Bathroom,1350 sq. ft,$3600
2055 Center St Berkeley CA 94704,0.2 Miles - Walk Score: 98,Studio,1 Bathroom,459 sq. ft,$2300
2055 Center St Berkeley CA 94704,0.2 Miles - Walk Score: 98,1 Bedroom,1 Bathroom,720 sq. ft,$2800
2BR/1BA Apartment - Richmond,3.2 Miles - Walk Score: 45,2 Bedroom,1 Bathroom,925 sq. ft,$1950
3.2 Miles - Walk Score: 25,3.2 Miles - Walk Score: 80,3 Bedroom,2 Bathroom,950 sq. ft,$3800
1801 Brandon St Oakland CA 94611,3.2 Miles - Walk Score: 89,3 Bedroom,2 Bathroom,1938 sq. ft,$4800
2055 Center St Berkeley CA 94704,0.2 Miles - Walk Score: 98,Studio,1 Bathroom,459 sq. ft,$2300
2055 Center St Berkeley CA 94704,0.2 Miles - Walk Score: 98,1 Bedroom,1 Bathroom,720 sq. ft,$2800
864 34th St Oakland CA 94608,3.3 Miles - Walk Score: 80,2 Bedroom,1 Bathroom,575 sq. ft,$2295
284 38th Street Oakland CA 94611,3.3 Miles - Walk Score: 94,2 Bedroom,1 Bathroom,960 sq. ft,$2698
284 38th Street Oakland CA 94611,3.3 Miles - Walk Score: 95,2 Bedroom,1 Bathroom,918 sq. ft,$2888
2055 Center St Berkeley CA 94704,0.2 Miles - Walk Score: 98,Studio,1 Bathroom,459 sq. ft,$2300
2055 Center St Berkeley CA 94704,0.2 Miles - Walk Score: 98,1 Bedroom,1 Bathroom,720 sq. ft,$2800
2055 Center St Berkeley CA 94704,0.2 Miles - Walk Score: 98,Studio,1 Bathroom,459 sq. ft,$2300
2055 Center St Berkeley CA 94704,0.2 Miles - Walk Score: 98,1 Bedroom,1 Bathroom,720 sq. ft,$2800
3205 W Street Emeryville CA 94608,3.4 Miles - Walk Score: 85,3 Bedroom,1 Bathroom,1400 sq. ft,$2950
2055 Center St Berkeley CA 94704,0.2 Miles - Walk Score: 98,Studio,1 Bathroom,459 sq. ft,$2300
2055 Center St Berkeley CA 94704,0.2 Miles - Walk Score: 98,1 Bedroom,1 Bathroom,720 sq. ft,$2800
2055 Center St Berkeley CA 94704,0.2 Miles - Walk Score: 98,Studio,1 Bathroom,396 sq. ft,$954
2055 Center St Berkeley CA 94704,0.2 Miles - Walk Score: 98,Studio,1 Bathroom,459 sq. ft,$2300
2055 Center St Berkeley CA 94704,0.2 Miles - Walk Score: 98,1 Bedroom,1 Bathroom,720 sq. ft,$2800
2055 Center St Berkeley CA 94704,0.2 Miles - Walk Score: 98,3 Bedroom,2 Bathroom,1300 sq. ft,$3200
2055 Center St Berkeley CA 94704,0.2 Miles - Walk Score: 98,Studio,1 Bathroom,459 sq. ft,$2300
2055 Center St Berkeley CA 94704,0.2 Miles - Walk Score: 98,1 Bedroom,1 Bathroom,720 sq. ft,$2800
Oakland CA 94611,3.6 Miles - Walk Score: 2,Studio,1 Bathroom,500 sq. ft,$1650
2055 Center St Berkeley CA 94704,0.2 Miles - Walk Score: 98,Studio,1 Bathroom,459 sq. ft,$2300
2055 Center St Berkeley CA 94704,0.2 Miles - Walk Score: 98,1 Bedroom,1 Bathroom,720 sq. ft,$2800
2055 Center St Berkeley CA 94704,0.2 Miles - Walk Score: 98,Studio,1 Bathroom,459 sq. ft,$2300
2055 Center St Berkeley CA 94704,0.2 Miles - Walk Score: 98,1 Bedroom,1 Bathroom,720 sq. ft,$2800
2055 Center St Berkeley CA 94704,0.2 Miles - Walk Score: 98,Studio,1 Bathroom,459 sq. ft,$2300
2055 Center St Berkeley CA 94704,0.2 Miles - Walk Score: 98,1 Bedroom,1 Bathroom,720 sq. ft,$2800
Bright 1 bedroom near Piedmont Ave,3.8 Miles - Walk Score: 82,1 Bedroom,1 Bathroom,704 sq. ft,$2270
2055 Center St Berkeley CA 94704,0.2 Miles - Walk Score: 98,Studio,1 Bathroom,459 sq. ft,$2300
2055 Center St Berkeley CA 94704,0.2 Miles - Walk Score: 98,1 Bedroom,1 Bathroom,720 sq. ft,$2800
1408 Liberty Street,3.8 Miles - Walk Score: 74,2 Bedroom,1 Bathroom,900 sq. ft,$1950
2055 Center St Berkeley CA 94704,0.2 Miles - Walk Score: 98,Studio,1 Bathroom,459 sq. ft,$2300
2055 Center St Berkeley CA 94704,0.2 Miles - Walk Score: 98,1 Bedroom,1 Bathroom,720 sq. ft,$2800
425 Orange St Oakland CA 94610,3.8 Miles - Walk Score: 76,2 Bedroom,2 Bathroom,1000 sq. ft,$2700
Oakland CA 94610,3.9 Miles - Walk Score: 69,1 Bedroom,1 Bathroom,980 sq. ft,$2650
Oakland CA 94610,3.9 Miles - Walk Score: 69,3.9 Miles - Walk Score: 96,1 Bedroom,9501118 sq. ft,$1600
Oakland CA 94610,3.9 Miles - Walk Score: 69,1 Bedroom,2 Bathroom,1300 sq. ft,$2200
2055 Center St Berkeley CA 94704,0.2 Miles - Walk Score: 98,Studio,1 Bathroom,459 sq. ft,$2300
2055 Center St Berkeley CA 94704,0.2 Miles - Walk Score: 98,1 Bedroom,1 Bathroom,720 sq. ft,$2800
2055 Center St Berkeley CA 94704,0.2 Miles - Walk Score: 98,Studio,1 Bathroom,459 sq. ft,$2300
2055 Center St Berkeley CA 94704,0.2 Miles - Walk Score: 98,1 Bedroom,1 Bathroom,720 sq. ft,$2800
241 Oakland Ave Oakland CA 94611,3.9 Miles - Walk Score: 85,2 Bedroom,1 Bathroom,800 sq. ft,$1700
1060 W Grand Ave Oakland CA 94607,3.9 Miles - Walk Score: 84,1 Bedroom,1 Bathroom,569 sq. ft,$1019
1060 W Grand Ave Oakland CA 94607,3.9 Miles - Walk Score: 84,2 Bedroom,1 Bathroom,891 sq. ft,$1224
2055 Center St Berkeley CA 94704,0.2 Miles - Walk Score: 98,Studio,1 Bathroom,459 sq. ft,$2300
2055 Center St Berkeley CA 94704,0.2 Miles - Walk Score: 98,1 Bedroom,1 Bathroom,720 sq. ft,$2800
2055 Center St Berkeley CA 94704,0.2 Miles - Walk Score: 98,Studio,1 Bathroom,459 sq. ft,$2300
2055 Center St Berkeley CA 94704,0.2 Miles - Walk Score: 98,1 Bedroom,1 Bathroom,720 sq. ft,$2800
421 24th Street Oakland CA 94612,4 Miles - Walk Score: 97,Studio,1 Bathroom,459 sq. ft,$2463
421 24th Street Oakland CA 94612,4 Miles - Walk Score: 97,1 Bedroom,1 Bathroom,677 sq. ft,$2781
421 24th St Oakland CA 94612,4 Miles - Walk Score: 98,2 Bedroom,2 Bathroom,1076 sq. ft,$3623
421 24th St Oakland CA 94612,4 Miles - Walk Score: 98,3 Bedroom,2 Bathroom,1301 sq. ft,$4326
421 24th St Oakland CA 94612,4 Miles - Walk Score: 98,Studio,1 Bathroom,459 sq. ft,$2445
2055 Center St Berkeley CA 94704,0.2 Miles - Walk Score: 98,Studio,1 Bathroom,459 sq. ft,$2300
2055 Center St Berkeley CA 94704,0.2 Miles - Walk Score: 98,1 Bedroom,1 Bathroom,720 sq. ft,$2800
421 24th St Oakland CA 94612,4 Miles - Walk Score: 98,1 Bedroom,1 Bathroom,711 sq. ft,$2833
421 24th St Oakland CA 94612,4 Miles - Walk Score: 98,2 Bedroom,2 Bathroom,1144 sq. ft,$3624
421 24th St Oakland CA 94612,4 Miles - Walk Score: 98,1 Bedroom,2 Bathroom,1187 sq. ft,$3617
421 24th St Oakland CA 94612,4 Miles - Walk Score: 98,1 Bedroom,1 Bathroom,886 sq. ft,$3096
1981 Linden St Oakland CA 94607,4.1 Miles - Walk Score: 74,4 Bedroom,3 Bathroom,2064 sq. ft,$2950
2055 Center St Berkeley CA 94704,0.2 Miles - Walk Score: 98,Studio,1 Bathroom,459 sq. ft,$2300
2055 Center St Berkeley CA 94704,0.2 Miles - Walk Score: 98,1 Bedroom,1 Bathroom,720 sq. ft,$2800
Perkins St Oakland CA 94610,4.1 Miles - Walk Score: 72,3 Bedroom,2 Bathroom,2158 sq. ft,$5885
Oakland CA 94612,4.1 Miles - Walk Score: 98,1 Bedroom,1 Bathroom,721 sq. ft,$3000
2055 Center St Berkeley CA 94704,0.2 Miles - Walk Score: 98,Studio,1 Bathroom,459 sq. ft,$2300
2055 Center St Berkeley CA 94704,0.2 Miles - Walk Score: 98,1 Bedroom,1 Bathroom,720 sq. ft,$2800
2055 Center St Berkeley CA 94704,0.2 Miles - Walk Score: 98,4 Bedroom,1.5 Bathroom,1314 sq. ft,$1200
100 Grand Ave Oakland CA 94612,4.2 Miles - Walk Score: 97,Studio,1 Bathroom,561 sq. ft,$2677
100 Grand Ave Oakland CA 94612,4.2 Miles - Walk Score: 97,1 Bedroom,1 Bathroom,747 sq. ft,$3239
2055 Center St Berkeley CA 94704,0.2 Miles - Walk Score: 98,Studio,1 Bathroom,459 sq. ft,$2300
2055 Center St Berkeley CA 94704,0.2 Miles - Walk Score: 98,1 Bedroom,1 Bathroom,720 sq. ft,$2800
100 Grand Ave Oakland CA 94612,4.2 Miles - Walk Score: 97,1 Bedroom,1.5 Bathroom,754 sq. ft,$3408
100 Grand Avenue Oakland CA 94612,4.2 Miles - Walk Score: 97,2 Bedroom,2 Bathroom,1192 sq. ft,$4454
100 Grand Avenue Oakland CA 94612,4.2 Miles - Walk Score: 97,1 Bedroom,1.5 Bathroom,754 sq. ft,$3359
100 Grand Avenue Oakland CA 94612,4.2 Miles - Walk Score: 97,1 Bedroom,1 Bathroom,747 sq. ft,$3160
2055 Center St Berkeley CA 94704,0.2 Miles - Walk Score: 98,Studio,1 Bathroom,459 sq. ft,$2300
2055 Center St Berkeley CA 94704,0.2 Miles - Walk Score: 98,1 Bedroom,1 Bathroom,720 sq. ft,$2800
100 Grand Avenue Oakland CA 94612,4.2 Miles - Walk Score: 97,1 Bedroom,1 Bathroom,780 sq. ft,$3213
100 Grand Avenue Oakland CA 94612,4.2 Miles - Walk Score: 97,1 Bedroom,1 Bathroom,841 sq. ft,$3361
100 Grand Avenue Oakland CA 94612,4.2 Miles - Walk Score: 97,1 Bedroom,1 Bathroom,747 sq. ft,$3229
100 Grand Avenue Oakland CA 94612,4.2 Miles - Walk Score: 97,1 Bedroom,1 Bathroom,834 sq. ft,$3369
100 Grand Avenue Oakland CA 94612,4.2 Miles - Walk Score: 97,Studio,1 Bathroom,561 sq. ft,$2784
100 Grand Avenue Oakland CA 94612,4.2 Miles - Walk Score: 97,Studio,1 Bathroom,561 sq. ft,$2784
100 Grand Avenue Oakland CA 94612,4.2 Miles - Walk Score: 97,2 Bedroom,2 Bathroom,1100 sq. ft,$4549
2055 Center St Berkeley CA 94704,0.2 Miles - Walk Score: 98,Studio,1 Bathroom,459 sq. ft,$2300
2055 Center St Berkeley CA 94704,0.2 Miles - Walk Score: 98,1 Bedroom,1 Bathroom,720 sq. ft,$2800
12 Conrad Court Oakland CA 94611,4.2 Miles - Walk Score: 24,2 Bedroom,1 Bathroom,1112 sq. ft,$4050
1015 18th St Oakland CA 94607,4.2 Miles - Walk Score: 78,Studio,1 Bathroom,400 sq. ft,$1200
2055 Center St Berkeley CA 94704,0.2 Miles - Walk Score: 98,Studio,1 Bathroom,459 sq. ft,$2300
2055 Center St Berkeley CA 94704,0.2 Miles - Walk Score: 98,1 Bedroom,1 Bathroom,720 sq. ft,$2800
Oakland CA 94610,4.2 Miles - Walk Score: 88,2 Bedroom,1 Bathroom,850 sq. ft,$2995
Oakland CA 94610,4.2 Miles - Walk Score: 88,4.2 Miles - Walk Score: 96,1 Bedroom,750 sq. ft,$1135
Oakland CA 94610,4.2 Miles - Walk Score: 88,2 Bedroom,1 Bathroom,900 sq. ft,$1491
Two bedroom 2 bath Penthouse,4.2 Miles - Walk Score: 86,2 Bedroom,2 Bathroom,1100 sq. ft,$3950
2055 Center St Berkeley CA 94704,0.2 Miles - Walk Score: 98,Studio,1 Bathroom,459 sq. ft,$2300
2055 Center St Berkeley CA 94704,0.2 Miles - Walk Score: 98,1 Bedroom,1 Bathroom,720 sq. ft,$2800
760 18th St Oakland CA 94612,4.3 Miles - Walk Score: 82,3 Bedroom,1 Bathroom,1200 sq. ft,$2495
Oakland CA 94610,4.3 Miles - Walk Score: 90,1 Bedroom,1 Bathroom,700 sq. ft,$2650
2055 Center St Berkeley CA 94704,0.2 Miles - Walk Score: 98,Studio,1 Bathroom,459 sq. ft,$2300
2055 Center St Berkeley CA 94704,0.2 Miles - Walk Score: 98,1 Bedroom,1 Bathroom,720 sq. ft,$2800
320 Lee St Oakland CA 94610,4.3 Miles - Walk Score: 82,2 Bedroom,2 Bathroom,1466 sq. ft,$4200
707 Zephyr Dr Oakland CA 94607,4.3 Miles - Walk Score: 68,2 Bedroom,2.5 Bathroom,1054 sq. ft,$2950
Chestnut St Oakland CA 94607,4.3 Miles - Walk Score: 73,2 Bedroom,2 Bathroom,1120 sq. ft,$2850
2055 Center St Berkeley CA 94704,0.2 Miles - Walk Score: 98,Studio,1 Bathroom,459 sq. ft,$2300
2055 Center St Berkeley CA 94704,0.2 Miles - Walk Score: 98,1 Bedroom,1 Bathroom,720 sq. ft,$2800
500 William St Oakland CA 94612,4.3 Miles - Walk Score: 98,2 Bedroom,2 Bathroom,1089 sq. ft,$4383
811 York Street Oakland CA 94610,4.3 Miles - Walk Score: 95,2 Bedroom,2 Bathroom,1519 sq. ft,$3995
811 York Street Oakland CA 94610,4.3 Miles - Walk Score: 95,1 Bedroom,1 Bathroom,650 sq. ft,$2520
2055 Center St Berkeley CA 94704,0.2 Miles - Walk Score: 98,Studio,1 Bathroom,459 sq. ft,$2300
2055 Center St Berkeley CA 94704,0.2 Miles - Walk Score: 98,1 Bedroom,1 Bathroom,720 sq. ft,$2800
2055 Center St Berkeley CA 94704,0.2 Miles - Walk Score: 98,Studio,1 Bathroom,459 sq. ft,$2300
2055 Center St Berkeley CA 94704,0.2 Miles - Walk Score: 98,1 Bedroom,1 Bathroom,720 sq. ft,$2800
2055 Center St Berkeley CA 94704,0.2 Miles - Walk Score: 98,Studio,1 Bathroom,459 sq. ft,$2300
2055 Center St Berkeley CA 94704,0.2 Miles - Walk Score: 98,1 Bedroom,1 Bathroom,720 sq. ft,$2800
777 Rand Avenue Oakland CA 94610,4.4 Miles - Walk Score: 96,1 Bedroom,1 Bathroom,700 sq. ft,$2250
774 Rand Ave Oakland CA 94610,4.4 Miles - Walk Score: 96,3 Bedroom,2 Bathroom,2134 sq. ft,$4500
2055 Center St Berkeley CA 94704,0.2 Miles - Walk Score: 98,Studio,1 Bathroom,459 sq. ft,$2300
2055 Center St Berkeley CA 94704,0.2 Miles - Walk Score: 98,1 Bedroom,1 Bathroom,720 sq. ft,$2800
801 14th St Oakland CA 94607,4.4 Miles - Walk Score: 89,Studio,1 Bathroom,427 sq. ft,$850
801 14th Street Oakland CA 94607,4.4 Miles - Walk Score: 89,1 Bedroom,1 Bathroom,603 sq. ft,$1019
801 14th Street Oakland CA 94607,4.4 Miles - Walk Score: 89,2 Bedroom,1 Bathroom,824 sq. ft,$1229
2055 Center St Berkeley CA 94704,0.2 Miles - Walk Score: 98,Studio,1 Bathroom,459 sq. ft,$2300
2055 Center St Berkeley CA 94704,0.2 Miles - Walk Score: 98,1 Bedroom,1 Bathroom,720 sq. ft,$2800
Perkins St Oakland CA 94610,4.5 Miles - Walk Score: 77,2 Bedroom,2 Bathroom,1300 sq. ft,$4620
2055 Center St Berkeley CA 94704,0.2 Miles - Walk Score: 98,Studio,1 Bathroom,459 sq. ft,$2300
2055 Center St Berkeley CA 94704,0.2 Miles - Walk Score: 98,1 Bedroom,1 Bathroom,720 sq. ft,$2800
69 Seagull Dr Richmond CA 94804,4.5 Miles - Walk Score: 24,4 Bedroom,2.5 Bathroom,1955 sq. ft,$3350
2055 Center St Berkeley CA 94704,0.2 Miles - Walk Score: 98,Studio,1 Bathroom,459 sq. ft,$2300
2055 Center St Berkeley CA 94704,0.2 Miles - Walk Score: 98,1 Bedroom,1 Bathroom,720 sq. ft,$2800
El Cerrito Luxurious 1 1,4.5 Miles - Walk Score: 80,1 Bedroom,1 Bathroom,745 sq. ft,$1954
El Cerrito Luxurious 1 1,4.5 Miles - Walk Score: 80,1 Bedroom,1 Bathroom,740 sq. ft,$2705
1 Bedroom,4.6 Miles - Walk Score: 96,Studio,1 Bathroom,567 sq. ft,$2525
1 Bedroom,4.6 Miles - Walk Score: 96,1 Bedroom,1 Bathroom,766 sq. ft,$2698
2055 Center St Berkeley CA 94704,0.2 Miles - Walk Score: 98,Studio,1 Bathroom,459 sq. ft,$2300
2055 Center St Berkeley CA 94704,0.2 Miles - Walk Score: 98,1 Bedroom,1 Bathroom,720 sq. ft,$2800
Richmond CA 94804,4.6 Miles - Walk Score: 33,2 Bedroom,2 Bathroom,1000 sq. ft,$2695
Richmond CA 94804,4.6 Miles - Walk Score: 24,1 Bedroom,1 Bathroom,550 sq. ft,$1795
Richmond CA 94804,4.6 Miles - Walk Score: 33,1 Bedroom,1 Bathroom,771 sq. ft,$1850
1 Bedroom,4.6 Miles - Walk Score: 54,3 Bedroom,1.5 Bathroom,1186 sq. ft,$2700
2055 Center St Berkeley CA 94704,0.2 Miles - Walk Score: 98,Studio,1 Bathroom,459 sq. ft,$2300
2055 Center St Berkeley CA 94704,0.2 Miles - Walk Score: 98,1 Bedroom,1 Bathroom,720 sq. ft,$2800
415 15th St Oakland CA 94612,4.6 Miles - Walk Score: 99,Studio,1 Bathroom,170 sq. ft,$795
415 15th Street Oakland CA 94612,4.6 Miles - Walk Score: 99,Studio,1 Bathroom,170 sq. ft,$795
50 Crest Rd Piedmont CA 94611,4.6 Miles - Walk Score: 34,4 Bedroom,3 Bathroom,2920 sq. ft,$8000
2055 Center St Berkeley CA 94704,0.2 Miles - Walk Score: 98,Studio,1 Bathroom,459 sq. ft,$2300
2055 Center St Berkeley CA 94704,0.2 Miles - Walk Score: 98,1 Bedroom,1 Bathroom,720 sq. ft,$2800
6218 Antioch St Oakland CA 94611,4.6 Miles - Walk Score: 78,1 Bedroom,1 Bathroom,600 sq. ft,$1900
Asilomar Dr Oakland CA 94611,4.7 Miles - Walk Score: 48,1 Bedroom,1 Bathroom,1150 sq. ft,$2860
Asilomar Dr Oakland CA 94611,4.7 Miles - Walk Score: 48,3 Bedroom,2 Bathroom,2000 sq. ft,$4950
4.7 Miles - Walk Score: 62,4.7 Miles - Walk Score: 97,1 Bedroom,1 Bathroom,600 sq. ft,$2500
2055 Center St Berkeley CA 94704,0.2 Miles - Walk Score: 98,Studio,1 Bathroom,459 sq. ft,$2300
2055 Center St Berkeley CA 94704,0.2 Miles - Walk Score: 98,1 Bedroom,1 Bathroom,720 sq. ft,$2800
441 Merritt Ave Oakland CA 94610,4.7 Miles - Walk Score: 89,1 Bedroom,1 Bathroom,700 sq. ft,$2495
2055 Center St Berkeley CA 94704,0.2 Miles - Walk Score: 98,Studio,1 Bathroom,459 sq. ft,$2300
2055 Center St Berkeley CA 94704,0.2 Miles - Walk Score: 98,1 Bedroom,1 Bathroom,720 sq. ft,$2800
2055 Center St Berkeley CA 94704,0.2 Miles - Walk Score: 98,2 Bedroom,1 Bathroom,1100 sq. ft,$1265
1 Lakeside Drive Oakland CA 94612,4.7 Miles - Walk Score: 89,2 Bedroom,2 Bathroom,1349 sq. ft,$3880
2055 Center St Berkeley CA 94704,0.2 Miles - Walk Score: 98,Studio,1 Bathroom,459 sq. ft,$2300
2055 Center St Berkeley CA 94704,0.2 Miles - Walk Score: 98,1 Bedroom,1 Bathroom,720 sq. ft,$2800
255 sq. ft,4.7 Miles - Walk Score: 97,1 Bedroom,1 Bathroom,580 sq. ft,$2295
2055 Center St Berkeley CA 94704,0.2 Miles - Walk Score: 98,Studio,1 Bathroom,459 sq. ft,$2300
2055 Center St Berkeley CA 94704,0.2 Miles - Walk Score: 98,1 Bedroom,1 Bathroom,720 sq. ft,$2800
2055 Center St Berkeley CA 94704,0.2 Miles - Walk Score: 98,Studio,1 Bathroom,459 sq. ft,$2300
2055 Center St Berkeley CA 94704,0.2 Miles - Walk Score: 98,1 Bedroom,1 Bathroom,720 sq. ft,$2800
518 Henry Street Oakland CA 94607,4.8 Miles - Walk Score: 74,2 Bedroom,2 Bathroom,1079 sq. ft,$3000
680 S 37th St Richmond CA 94804,4.8 Miles - Walk Score: 54,2 Bedroom,2 Bathroom,935 sq. ft,$816
680 S 37th St Richmond CA 94804,4.8 Miles - Walk Score: 54,3 Bedroom,3 Bathroom,1135 sq. ft,$1183
Lakeshore Ave Oakland CA 94606,4.8 Miles - Walk Score: 84,2 Bedroom,2 Bathroom,1240 sq. ft,$4895
1425 Lakeside Dr Oakland CA 94612,4.9 Miles - Walk Score: 97,1 Bedroom,1 Bathroom,821 sq. ft,$1680
2055 Center St Berkeley CA 94704,0.2 Miles - Walk Score: 98,Studio,1 Bathroom,459 sq. ft,$2300
2055 Center St Berkeley CA 94704,0.2 Miles - Walk Score: 98,1 Bedroom,1 Bathroom,720 sq. ft,$2800
3br Home With Stunning View,5 Miles - Walk Score: 27,3 Bedroom,1.5 Bathroom,1600 sq. ft,$4805
500 Zorah Street Oakland CA 94606,5 Miles - Walk Score: 74,Studio,1 Bathroom,350 sq. ft,$1500
2055 Center St Berkeley CA 94704,0.2 Miles - Walk Score: 98,Studio,1 Bathroom,459 sq. ft,$2300
2055 Center St Berkeley CA 94704,0.2 Miles - Walk Score: 98,1 Bedroom,1 Bathroom,720 sq. ft,$2800
733 Grosvenor Pl Oakland CA 94610,5 Miles - Walk Score: 66,3 Bedroom,2 Bathroom,1721 sq. ft,$3500
Park Blvd Oakland CA 94610,5.1 Miles - Walk Score: 67,2 Bedroom,2 Bathroom,1177 sq. ft,$3675
Leimert Blvd Oakland CA 94602,5.1 Miles - Walk Score: 28,1 Bedroom,1 Bathroom,500 sq. ft,$3630
2055 Center St Berkeley CA 94704,0.2 Miles - Walk Score: 98,Studio,1 Bathroom,459 sq. ft,$2300
2055 Center St Berkeley CA 94704,0.2 Miles - Walk Score: 98,1 Bedroom,1 Bathroom,720 sq. ft,$2800
4715 Park Blvd Oakland CA 94602,5.1 Miles - Walk Score: 68,2 Bedroom,1 Bathroom,850 sq. ft,$2695
Waller Ave Richmond CA 94804,5.1 Miles - Walk Score: 68,2 Bedroom,1 Bathroom,670 sq. ft,$1500
2055 Center St Berkeley CA 94704,0.2 Miles - Walk Score: 98,Studio,1 Bathroom,459 sq. ft,$2300
2055 Center St Berkeley CA 94704,0.2 Miles - Walk Score: 98,1 Bedroom,1 Bathroom,720 sq. ft,$2800
4349 Arden Place Oakland CA 94602,5.2 Miles - Walk Score: 64,2 Bedroom,1 Bathroom,900 sq. ft,$1200
Clemens Rd Oakland CA 94602,5.3 Miles - Walk Score: 60,3 Bedroom,2 Bathroom,1800 sq. ft,$5830
2594 Leimert Blvd Oakland,5.3 Miles - Walk Score: 48,2 Bedroom,1 Bathroom,1560 sq. ft,$3550
2055 Center St Berkeley CA 94704,0.2 Miles - Walk Score: 98,Studio,1 Bathroom,459 sq. ft,$2300
2055 Center St Berkeley CA 94704,0.2 Miles - Walk Score: 98,1 Bedroom,1 Bathroom,720 sq. ft,$2800
2055 Center St Berkeley CA 94704,0.2 Miles - Walk Score: 98,Studio,1 Bathroom,459 sq. ft,$2300
2055 Center St Berkeley CA 94704,0.2 Miles - Walk Score: 98,1 Bedroom,1 Bathroom,720 sq. ft,$2800
2055 Center St Berkeley CA 94704,0.2 Miles - Walk Score: 98,Studio,1 Bathroom,459 sq. ft,$2300
2055 Center St Berkeley CA 94704,0.2 Miles - Walk Score: 98,1 Bedroom,1 Bathroom,720 sq. ft,$2800
1815 Spruce St Berkeley CA 94709,0.5 Miles - Walk Score: 92,2 Bedroom,1 Bathroom,1000 sq. ft,$3900
1911 Haste St Berkeley CA 94704,0.5 Miles - Walk Score: 92,3 Bedroom,2 Bathroom,800 sq. ft,$3500
1907 Haste St Berkeley CA 94704,0.5 Miles - Walk Score: 86,2 Bedroom,1 Bathroom,700 sq. ft,$2750
2055 Center St Berkeley CA 94704,0.2 Miles - Walk Score: 98,Studio,1 Bathroom,459 sq. ft,$2300
2055 Center St Berkeley CA 94704,0.2 Miles - Walk Score: 98,1 Bedroom,1 Bathroom,720 sq. ft,$2800
Berkeley CA 94704,0.6 Miles - Walk Score: 94,2 Bedroom,1 Bathroom,878 sq. ft,$3500
Berkeley CA 94704,0.6 Miles - Walk Score: 94,1 Bedroom,1 Bathroom,550 sq. ft,$1895
2055 Center St Berkeley CA 94704,0.2 Miles - Walk Score: 98,Studio,1 Bathroom,459 sq. ft,$2300
2055 Center St Berkeley CA 94704,0.2 Miles - Walk Score: 98,1 Bedroom,1 Bathroom,720 sq. ft,$2800
Berkeley CA 94704,0.6 Miles - Walk Score: 94,2 Bedroom,2 Bathroom,1220 sq. ft,$2429
Berkeley CA 94704,0.6 Miles - Walk Score: 94,1 Bedroom,1 Bathroom,550 sq. ft,$2095
2055 Center St Berkeley CA 94704,0.2 Miles - Walk Score: 98,Studio,1 Bathroom,459 sq. ft,$2300
2055 Center St Berkeley CA 94704,0.2 Miles - Walk Score: 98,1 Bedroom,1 Bathroom,720 sq. ft,$2800
Berkeley CA 94704,0.6 Miles - Walk Score: 94,1 Bedroom,1 Bathroom,631 sq. ft,$2845
Berkeley CA 94704,0.6 Miles - Walk Score: 94,1 Bedroom,1 Bathroom,588 sq. ft,$2445
Berkeley CA 94704,0.6 Miles - Walk Score: 94,1 Bedroom,1 Bathroom,400 sq. ft,$2395
2055 Center St Berkeley CA 94704,0.2 Miles - Walk Score: 98,Studio,1 Bathroom,459 sq. ft,$2300
2055 Center St Berkeley CA 94704,0.2 Miles - Walk Score: 98,1 Bedroom,1 Bathroom,720 sq. ft,$2800
Berkeley CA 94709,0.6 Miles - Walk Score: 91,3 Bedroom,2 Bathroom,1662 sq. ft,$4690
Berkeley CA 94709,0.6 Miles - Walk Score: 91,2 Bedroom,1 Bathroom,1000 sq. ft,$3900
Berkeley CA 94709,0.6 Miles - Walk Score: 91,1 Bedroom,1.5 Bathroom,720 sq. ft,$2500
Berkeley CA 94709,0.6 Miles - Walk Score: 91,1 Bedroom,1 Bathroom,650 sq. ft,$2295
2055 Center St Berkeley CA 94704,0.2 Miles - Walk Score: 98,Studio,1 Bathroom,459 sq. ft,$2300
2055 Center St Berkeley CA 94704,0.2 Miles - Walk Score: 98,1 Bedroom,1 Bathroom,720 sq. ft,$2800
2055 Center St Berkeley CA 94704,0.2 Miles - Walk Score: 98,Studio,1 Bathroom,459 sq. ft,$2300
2055 Center St Berkeley CA 94704,0.2 Miles - Walk Score: 98,1 Bedroom,1 Bathroom,720 sq. ft,$2800
Berkeley CA 94709,0.6 Miles - Walk Score: 91,1 Bedroom,1 Bathroom,518 sq. ft,$2200
2055 Center St Berkeley CA 94704,0.2 Miles - Walk Score: 98,Studio,1 Bathroom,459 sq. ft,$2300
2055 Center St Berkeley CA 94704,0.2 Miles - Walk Score: 98,1 Bedroom,1 Bathroom,720 sq. ft,$2800
Berkeley CA 94709,0.6 Miles - Walk Score: 91,1 Bedroom,1 Bathroom,600 sq. ft,$1795
Berkeley CA 94709,0.6 Miles - Walk Score: 91,2 Bedroom,1 Bathroom,750 sq. ft,$2695
2055 Center St Berkeley CA 94704,0.2 Miles - Walk Score: 98,Studio,1 Bathroom,459 sq. ft,$2300
2055 Center St Berkeley CA 94704,0.2 Miles - Walk Score: 98,1 Bedroom,1 Bathroom,720 sq. ft,$2800
2055 Center St Berkeley CA 94704,0.2 Miles - Walk Score: 98,Studio,1 Bathroom,459 sq. ft,$2300
2055 Center St Berkeley CA 94704,0.2 Miles - Walk Score: 98,1 Bedroom,1 Bathroom,720 sq. ft,$2800
Berkeley CA 94702,0.7 Miles - Walk Score: 83,1 Bedroom,1 Bathroom,915 sq. ft,$2650
Berkeley CA 94702,0.7 Miles - Walk Score: 83,2 Bedroom,2 Bathroom,1155 sq. ft,$3795
Berkeley CA 94702,0.7 Miles - Walk Score: 83,2 Bedroom,2 Bathroom,1155 sq. ft,$3895
2055 Center St Berkeley CA 94704,0.2 Miles - Walk Score: 98,Studio,1 Bathroom,459 sq. ft,$2300
2055 Center St Berkeley CA 94704,0.2 Miles - Walk Score: 98,1 Bedroom,1 Bathroom,720 sq. ft,$2800
Berkeley CA 94702,0.7 Miles - Walk Score: 83,2 Bedroom,1 Bathroom,705 sq. ft,$2750
Berkeley CA 94702,0.7 Miles - Walk Score: 83,2 Bedroom,1 Bathroom,1444 sq. ft,$3300
Berkeley CA 94702,0.7 Miles - Walk Score: 83,1 Bedroom,1 Bathroom,750 sq. ft,$1500
2055 Center St Berkeley CA 94704,0.2 Miles - Walk Score: 98,Studio,1 Bathroom,459 sq. ft,$2300
2055 Center St Berkeley CA 94704,0.2 Miles - Walk Score: 98,1 Bedroom,1 Bathroom,720 sq. ft,$2800
Berkeley CA 94702,0.7 Miles - Walk Score: 83,2 Bedroom,1 Bathroom,850 sq. ft,$1750
Berkeley CA 94702,0.7 Miles - Walk Score: 83,1 Bedroom,1 Bathroom,680 sq. ft,$1386
Berkeley CA 94702,0.7 Miles - Walk Score: 83,Studio,1 Bathroom,430 sq. ft,$2100
Berkeley CA 94702,0.7 Miles - Walk Score: 83,1 Bedroom,1 Bathroom,750 sq. ft,$1820
2055 Center St Berkeley CA 94704,0.2 Miles - Walk Score: 98,Studio,1 Bathroom,459 sq. ft,$2300
2055 Center St Berkeley CA 94704,0.2 Miles - Walk Score: 98,1 Bedroom,1 Bathroom,720 sq. ft,$2800
2540 Regent St Berkeley CA 94704,1 Miles - Walk Score: 94,2 Bedroom,1 Bathroom,550 sq. ft,$2495
2055 Center St Berkeley CA 94704,0.2 Miles - Walk Score: 98,Studio,1 Bathroom,459 sq. ft,$2300
2055 Center St Berkeley CA 94704,0.2 Miles - Walk Score: 98,1 Bedroom,1 Bathroom,720 sq. ft,$2800
2460 Parker St Berkeley CA 94704,1 Miles - Walk Score: 92,1 Bedroom,1 Bathroom,500 sq. ft,$2495
2515 Parker St Berkeley CA 94704,1 Miles - Walk Score: 88,2 Bedroom,1 Bathroom,450 sq. ft,$1795
15 Tamalpais Rd Berkeley CA 94708,1.1 Miles - Walk Score: 50,3 Bedroom,1.5 Bathroom,1700 sq. ft,$3900
2055 Center St Berkeley CA 94704,0.2 Miles - Walk Score: 98,Studio,1 Bathroom,459 sq. ft,$2300
2055 Center St Berkeley CA 94704,0.2 Miles - Walk Score: 98,1 Bedroom,1 Bathroom,720 sq. ft,$2800
Berkeley CA 94703,1.1 Miles - Walk Score: 86,2 Bedroom,1 Bathroom,849 sq. ft,$2250
2055 Center St Berkeley CA 94704,0.2 Miles - Walk Score: 98,Studio,1 Bathroom,459 sq. ft,$2300
2055 Center St Berkeley CA 94704,0.2 Miles - Walk Score: 98,1 Bedroom,1 Bathroom,720 sq. ft,$2800
2415 Eunice St Berkeley CA 94708,1.2 Miles - Walk Score: 45,3 Bedroom,2 Bathroom,1662 sq. ft,$4690
2055 Center St Berkeley CA 94704,0.2 Miles - Walk Score: 98,Studio,1 Bathroom,459 sq. ft,$2300
2055 Center St Berkeley CA 94704,0.2 Miles - Walk Score: 98,1 Bedroom,1 Bathroom,720 sq. ft,$2800
Berkeley CA 94703,1.3 Miles - Walk Score: 78,2 Bedroom,1 Bathroom,850 sq. ft,$1850
Berkeley CA 94703,1.3 Miles - Walk Score: 78,1 Bedroom,1 Bathroom,850 sq. ft,$2200
Berkeley CA 94703,1.3 Miles - Walk Score: 78,2 Bedroom,1 Bathroom,550 sq. ft,$2195
2055 Center St Berkeley CA 94704,0.2 Miles - Walk Score: 98,Studio,1 Bathroom,459 sq. ft,$2300
2055 Center St Berkeley CA 94704,0.2 Miles - Walk Score: 98,1 Bedroom,1 Bathroom,720 sq. ft,$2800
Berkeley CA 94703,1.3 Miles - Walk Score: 78,1 Bedroom,1 Bathroom,1001 sq. ft,$2722
Berkeley CA 94703,1.3 Miles - Walk Score: 78,2 Bedroom,1 Bathroom,865 sq. ft,$2100
Berkeley CA 94703,1.3 Miles - Walk Score: 78,1 Bedroom,1 Bathroom,550 sq. ft,$2834
2055 Center St Berkeley CA 94704,0.2 Miles - Walk Score: 98,Studio,1 Bathroom,459 sq. ft,$2300
2055 Center St Berkeley CA 94704,0.2 Miles - Walk Score: 98,1 Bedroom,1 Bathroom,720 sq. ft,$2800
Berkeley CA 94703,1.3 Miles - Walk Score: 78,2 Bedroom,1 Bathroom,900 sq. ft,$1850
Berkeley CA 94710,1.4 Miles - Walk Score: 82,2 Bedroom,2 Bathroom,1161 sq. ft,$3620
2055 Center St Berkeley CA 94704,0.2 Miles - Walk Score: 98,Studio,1 Bathroom,459 sq. ft,$2300
2055 Center St Berkeley CA 94704,0.2 Miles - Walk Score: 98,1 Bedroom,1 Bathroom,720 sq. ft,$2800
Berkeley CA 94710,1.4 Miles - Walk Score: 82,2 Bedroom,2 Bathroom,863 sq. ft,$1890
Berkeley CA 94710,1.4 Miles - Walk Score: 82,1 Bedroom,1 Bathroom,742 sq. ft,$3125
Berkeley CA 94710,1.4 Miles - Walk Score: 82,1 Bedroom,1 Bathroom,725 sq. ft,$3100
Berkeley CA 94710,1.4 Miles - Walk Score: 82,1 Bedroom,1 Bathroom,747 sq. ft,$2572
Berkeley CA 94710,1.4 Miles - Walk Score: 82,1 Bedroom,1 Bathroom,756 sq. ft,$2950
2055 Center St Berkeley CA 94704,0.2 Miles - Walk Score: 98,Studio,1 Bathroom,459 sq. ft,$2300
2055 Center St Berkeley CA 94704,0.2 Miles - Walk Score: 98,1 Bedroom,1 Bathroom,720 sq. ft,$2800
5th St Berkeley CA 94710,1.4 Miles - Walk Score: 92,2 Bedroom,2 Bathroom,1116 sq. ft,$2825
2055 Center St Berkeley CA 94704,0.2 Miles - Walk Score: 98,Studio,1 Bathroom,459 sq. ft,$2300
2055 Center St Berkeley CA 94704,0.2 Miles - Walk Score: 98,1 Bedroom,1 Bathroom,720 sq. ft,$2800
Albany CA 94706,1.7 Miles - Walk Score: 95,2 Bedroom,2 Bathroom,1234 sq. ft,$3200
Berkeley CA 94705,1.8 Miles - Walk Score: 65,2 Bedroom,1 Bathroom,800 sq. ft,$1700
1150 65th St Emeryville CA 94608,1.8 Miles - Walk Score: 84,3 Bedroom,2.5 Bathroom,1850 sq. ft,$3598
2055 Center St Berkeley CA 94704,0.2 Miles - Walk Score: 98,Studio,1 Bathroom,459 sq. ft,$2300
2055 Center St Berkeley CA 94704,0.2 Miles - Walk Score: 98,1 Bedroom,1 Bathroom,720 sq. ft,$2800
67th St Emeryville CA 94608,1.9 Miles - Walk Score: 83,2 Bedroom,1 Bathroom,750 sq. ft,$2175
Berkeley CA 94707,1.9 Miles - Walk Score: 66,1 Bedroom,1 Bathroom,815 sq. ft,$1875
Berkeley CA 94707,1.9 Miles - Walk Score: 66,2 Bedroom,1 Bathroom,2600 sq. ft,$4500
Berkeley CA 94707,1.9 Miles - Walk Score: 66,1 Bedroom,1 Bathroom,450 sq. ft,$2000
5950 Canning St Oakland CA 94609,1.9 Miles - Walk Score: 78,2 Bedroom,1 Bathroom,1150 sq. ft,$3550
2055 Center St Berkeley CA 94704,0.2 Miles - Walk Score: 98,Studio,1 Bathroom,459 sq. ft,$2300
2055 Center St Berkeley CA 94704,0.2 Miles - Walk Score: 98,1 Bedroom,1 Bathroom,720 sq. ft,$2800
63rd St Emeryville CA 94608,2.1 Miles - Walk Score: 90,2 Bedroom,1 Bathroom,900 sq. ft,$2300
2055 Center St Berkeley CA 94704,0.2 Miles - Walk Score: 98,Studio,1 Bathroom,459 sq. ft,$2300
2055 Center St Berkeley CA 94704,0.2 Miles - Walk Score: 98,1 Bedroom,1 Bathroom,720 sq. ft,$2800
Berkeley CA 94705,2.1 Miles - Walk Score: 25,3 Bedroom,1 Bathroom,800 sq. ft,$3195
Berkeley CA 94705,2.1 Miles - Walk Score: 25,3 Bedroom,1 Bathroom,1000 sq. ft,$5495
Berkeley CA 94705,2.1 Miles - Walk Score: 25,3 Bedroom,1 Bathroom,775 sq. ft,$2350
2055 Center St Berkeley CA 94704,0.2 Miles - Walk Score: 98,Studio,1 Bathroom,459 sq. ft,$2300
2055 Center St Berkeley CA 94704,0.2 Miles - Walk Score: 98,1 Bedroom,1 Bathroom,720 sq. ft,$2800
Berkeley CA 94705,2.1 Miles - Walk Score: 25,2 Bedroom,1 Bathroom,1000 sq. ft,$1995
Berkeley CA 94705,2.1 Miles - Walk Score: 25,3 Bedroom,1 Bathroom,800 sq. ft,$3395
2055 Center St Berkeley CA 94704,0.2 Miles - Walk Score: 98,Studio,1 Bathroom,459 sq. ft,$2300
2055 Center St Berkeley CA 94704,0.2 Miles - Walk Score: 98,1 Bedroom,1 Bathroom,720 sq. ft,$2800
Berkeley CA 94705,2.1 Miles - Walk Score: 25,2 Bedroom,2 Bathroom,1100 sq. ft,$3795
Berkeley CA 94705,2.1 Miles - Walk Score: 25,1 Bedroom,1 Bathroom,450 sq. ft,$1995
Berkeley CA 94705,2.1 Miles - Walk Score: 25,1 Bedroom,1 Bathroom,600 sq. ft,$1600
Berkeley CA 94705,2.1 Miles - Walk Score: 25,Studio,1 Bathroom,450 sq. ft,$1895
Berkeley CA 94705,2.1 Miles - Walk Score: 25,2 Bedroom,2 Bathroom,1097 sq. ft,$2264
2055 Center St Berkeley CA 94704,0.2 Miles - Walk Score: 98,Studio,1 Bathroom,459 sq. ft,$2300
2055 Center St Berkeley CA 94704,0.2 Miles - Walk Score: 98,1 Bedroom,1 Bathroom,720 sq. ft,$2800
Berkeley CA 94708,2.2 Miles - Walk Score: 12,3 Bedroom,2 Bathroom,1899 sq. ft,$5500
Berkeley CA 94708,2.2 Miles - Walk Score: 12,3 Bedroom,1.5 Bathroom,1700 sq. ft,$3900
Berkeley CA 94708,2.2 Miles - Walk Score: 12,3 Bedroom,2 Bathroom,1642 sq. ft,$3750
2055 Center St Berkeley CA 94704,0.2 Miles - Walk Score: 98,Studio,1 Bathroom,459 sq. ft,$2300
2055 Center St Berkeley CA 94704,0.2 Miles - Walk Score: 98,1 Bedroom,1 Bathroom,720 sq. ft,$2800
Emeryville CA 94608,2.4 Miles - Walk Score: 86,2 Bedroom,2 Bathroom,1185 sq. ft,$3046
2055 Center St Berkeley CA 94704,0.2 Miles - Walk Score: 98,Studio,1 Bathroom,459 sq. ft,$2300
2055 Center St Berkeley CA 94704,0.2 Miles - Walk Score: 98,1 Bedroom,1 Bathroom,720 sq. ft,$2800
Emeryville CA 94608,2.4 Miles - Walk Score: 86,1 Bedroom,1 Bathroom,743 sq. ft,$1585
Emeryville CA 94608,2.4 Miles - Walk Score: 86,2 Bedroom,2 Bathroom,1255 sq. ft,$2299
6363 Christie Ave Emeryville,2.4 Miles - Walk Score: 56,1 Bedroom,1 Bathroom,1144 sq. ft,$3500
545 Pierce St Albany CA 94706,2.4 Miles - Walk Score: 88,2 Bedroom,2 Bathroom,1234 sq. ft,$3200
2055 Center St Berkeley CA 94704,0.2 Miles - Walk Score: 98,Studio,1 Bathroom,459 sq. ft,$2300
2055 Center St Berkeley CA 94704,0.2 Miles - Walk Score: 98,1 Bedroom,1 Bathroom,720 sq. ft,$2800
Oakland CA 94618,2.6 Miles - Walk Score: 55,3 Bedroom,2.5 Bathroom,2586 sq. ft,$5875
Oakland CA 94618,2.6 Miles - Walk Score: 55,2 Bedroom,2 Bathroom,1744 sq. ft,$4995
Oakland CA 94618,2.6 Miles - Walk Score: 55,2 Bedroom,2 Bathroom,1158 sq. ft,$2900
Oakland CA 94618,2.6 Miles - Walk Score: 55,1 Bedroom,1 Bathroom,728 sq. ft,$2200
2055 Center St Berkeley CA 94704,0.2 Miles - Walk Score: 98,Studio,1 Bathroom,459 sq. ft,$2300
2055 Center St Berkeley CA 94704,0.2 Miles - Walk Score: 98,1 Bedroom,1 Bathroom,720 sq. ft,$2800
Oakland CA 94618,2.6 Miles - Walk Score: 55,2 Bedroom,2 Bathroom,1364 sq. ft,$4250
42nd St Emeryville CA 94608,2.7 Miles - Walk Score: 75,3 Bedroom,2.5 Bathroom,1688 sq. ft,$3700
2055 Center St Berkeley CA 94704,0.2 Miles - Walk Score: 98,Studio,1 Bathroom,459 sq. ft,$2300
2055 Center St Berkeley CA 94704,0.2 Miles - Walk Score: 98,1 Bedroom,1 Bathroom,720 sq. ft,$2800
Oakland CA 94609,2.8 Miles - Walk Score: 88,2 Bedroom,1 Bathroom,540 sq. ft,$900
Oakland CA 94609,2.8 Miles - Walk Score: 88,1 Bedroom,1 Bathroom,411 sq. ft,$1365
2055 Center St Berkeley CA 94704,0.2 Miles - Walk Score: 98,Studio,1 Bathroom,459 sq. ft,$2300
2055 Center St Berkeley CA 94704,0.2 Miles - Walk Score: 98,1 Bedroom,1 Bathroom,720 sq. ft,$2800
Oakland CA 94609,2.8 Miles - Walk Score: 88,2 Bedroom,1 Bathroom,1113 sq. ft,$2950
Oakland CA 94609,2.8 Miles - Walk Score: 88,Studio,1 Bathroom,700 sq. ft,$950
2055 Center St Berkeley CA 94704,0.2 Miles - Walk Score: 98,Studio,1 Bathroom,459 sq. ft,$2300
2055 Center St Berkeley CA 94704,0.2 Miles - Walk Score: 98,1 Bedroom,1 Bathroom,720 sq. ft,$2800
Oakland CA 94609,2.8 Miles - Walk Score: 88,1 Bedroom,1 Bathroom,640 sq. ft,$1450
Oakland CA 94609,2.8 Miles - Walk Score: 88,2 Bedroom,1 Bathroom,1000 sq. ft,$1380
Oakland CA 94609,2.8 Miles - Walk Score: 88,2 Bedroom,1 Bathroom,540 sq. ft,$900
2055 Center St Berkeley CA 94704,0.2 Miles - Walk Score: 98,Studio,1 Bathroom,459 sq. ft,$2300
2055 Center St Berkeley CA 94704,0.2 Miles - Walk Score: 98,1 Bedroom,1 Bathroom,720 sq. ft,$2800
Emeryville CA 94608,2.9 Miles - Walk Score: 88,2 Bedroom,2 Bathroom,1250 sq. ft,$3721
Emeryville CA 94608,2.9 Miles - Walk Score: 88,3 Bedroom,2 Bathroom,1440 sq. ft,$2795
Emeryville CA 94608,2.9 Miles - Walk Score: 88,2 Bedroom,1 Bathroom,750 sq. ft,$2175
Emeryville CA 94608,2.9 Miles - Walk Score: 88,1 Bedroom,1 Bathroom,765 sq. ft,$2914
Emeryville CA 94608,2.9 Miles - Walk Score: 88,3 Bedroom,2 Bathroom,1400 sq. ft,$1950
2055 Center St Berkeley CA 94704,0.2 Miles - Walk Score: 98,Studio,1 Bathroom,459 sq. ft,$2300
2055 Center St Berkeley CA 94704,0.2 Miles - Walk Score: 98,1 Bedroom,1 Bathroom,720 sq. ft,$2800
Emeryville CA 94608,2.9 Miles - Walk Score: 88,2 Bedroom,2 Bathroom,1073 sq. ft,$3518
Emeryville CA 94608,2.9 Miles - Walk Score: 88,3 Bedroom,2 Bathroom,1400 sq. ft,$3695
Emeryville CA 94608,2.9 Miles - Walk Score: 88,1 Bedroom,1 Bathroom,764 sq. ft,$2400
Emeryville CA 94608,2.9 Miles - Walk Score: 88,2 Bedroom,2 Bathroom,1327 sq. ft,$4076
2055 Center St Berkeley CA 94704,0.2 Miles - Walk Score: 98,Studio,1 Bathroom,459 sq. ft,$2300
2055 Center St Berkeley CA 94704,0.2 Miles - Walk Score: 98,1 Bedroom,1 Bathroom,720 sq. ft,$2800
Emeryville CA 94608,2.9 Miles - Walk Score: 88,2 Bedroom,1 Bathroom,935 sq. ft,$2900
Emeryville CA 94608,2.9 Miles - Walk Score: 88,2 Bedroom,1 Bathroom,935 sq. ft,$2912
Emeryville CA 94608,2.9 Miles - Walk Score: 88,1 Bedroom,1 Bathroom,789 sq. ft,$2918
Emeryville CA 94608,2.9 Miles - Walk Score: 88,1 Bedroom,1 Bathroom,728 sq. ft,$1950
2055 Center St Berkeley CA 94704,0.2 Miles - Walk Score: 98,Studio,1 Bathroom,459 sq. ft,$2300
2055 Center St Berkeley CA 94704,0.2 Miles - Walk Score: 98,1 Bedroom,1 Bathroom,720 sq. ft,$2800
Emeryville CA 94608,2.9 Miles - Walk Score: 88,1 Bedroom,1 Bathroom,711 sq. ft,$2330
Emeryville CA 94608,2.9 Miles - Walk Score: 88,1 Bedroom,1 Bathroom,714 sq. ft,$2628
Emeryville CA 94608,2.9 Miles - Walk Score: 88,2 Bedroom,1 Bathroom,800 sq. ft,$1200
Emeryville CA 94608,2.9 Miles - Walk Score: 88,2 Bedroom,2.5 Bathroom,1364 sq. ft,$3495
2055 Center St Berkeley CA 94704,0.2 Miles - Walk Score: 98,Studio,1 Bathroom,459 sq. ft,$2300
2055 Center St Berkeley CA 94704,0.2 Miles - Walk Score: 98,1 Bedroom,1 Bathroom,720 sq. ft,$2800
Emeryville CA 94608,2.9 Miles - Walk Score: 88,2 Bedroom,1 Bathroom,900 sq. ft,$2500
Emeryville CA 94608,2.9 Miles - Walk Score: 88,1 Bedroom,1 Bathroom,635 sq. ft,$2395
Emeryville CA 94608,2.9 Miles - Walk Score: 88,3 Bedroom,2 Bathroom,1800 sq. ft,$2800
Emeryville CA 94608,2.9 Miles - Walk Score: 88,1 Bedroom,1 Bathroom,818 sq. ft,$2495
Emeryville CA 94608,2.9 Miles - Walk Score: 88,1 Bedroom,1 Bathroom,714 sq. ft,$2633
2055 Center St Berkeley CA 94704,0.2 Miles - Walk Score: 98,Studio,1 Bathroom,459 sq. ft,$2300
2055 Center St Berkeley CA 94704,0.2 Miles - Walk Score: 98,1 Bedroom,1 Bathroom,720 sq. ft,$2800
Emeryville CA 94608,2.9 Miles - Walk Score: 88,2 Bedroom,1 Bathroom,1400 sq. ft,$3500
Emeryville CA 94608,2.9 Miles - Walk Score: 88,2 Bedroom,2 Bathroom,1089 sq. ft,$3342
Emeryville CA 94608,2.9 Miles - Walk Score: 88,3 Bedroom,2 Bathroom,950 sq. ft,$1750
2055 Center St Berkeley CA 94704,0.2 Miles - Walk Score: 98,Studio,1 Bathroom,459 sq. ft,$2300
2055 Center St Berkeley CA 94704,0.2 Miles - Walk Score: 98,1 Bedroom,1 Bathroom,720 sq. ft,$2800
Emeryville CA 94608,2.9 Miles - Walk Score: 88,Studio,1 Bathroom,200 sq. ft,$3000
Emeryville CA 94608,2.9 Miles - Walk Score: 88,3 Bedroom,2.5 Bathroom,1688 sq. ft,$3700
2055 Center St Berkeley CA 94704,0.2 Miles - Walk Score: 98,Studio,1 Bathroom,459 sq. ft,$2300
2055 Center St Berkeley CA 94704,0.2 Miles - Walk Score: 98,1 Bedroom,1 Bathroom,720 sq. ft,$2800
Emeryville CA 94608,2.9 Miles - Walk Score: 88,2 Bedroom,2 Bathroom,1033 sq. ft,$2929
Emeryville CA 94608,2.9 Miles - Walk Score: 88,Studio,1 Bathroom,575 sq. ft,$2147
Emeryville CA 94608,2.9 Miles - Walk Score: 88,1 Bedroom,1 Bathroom,703 sq. ft,$3160
2055 Center St Berkeley CA 94704,0.2 Miles - Walk Score: 98,Studio,1 Bathroom,459 sq. ft,$2300
2055 Center St Berkeley CA 94704,0.2 Miles - Walk Score: 98,1 Bedroom,1 Bathroom,720 sq. ft,$2800
Emeryville CA 94608,2.9 Miles - Walk Score: 88,Studio,1 Bathroom,432 sq. ft,$1950
8 Captain Dr Emeryville CA 94608,2.9 Miles - Walk Score: 48,1 Bedroom,1 Bathroom,728 sq. ft,$1950
2055 Center St Berkeley CA 94704,0.2 Miles - Walk Score: 98,Studio,1 Bathroom,459 sq. ft,$2300
2055 Center St Berkeley CA 94704,0.2 Miles - Walk Score: 98,1 Bedroom,1 Bathroom,720 sq. ft,$2800
2055 Center St Berkeley CA 94704,0.2 Miles - Walk Score: 98,Studio,1 Bathroom,459 sq. ft,$2300
2055 Center St Berkeley CA 94704,0.2 Miles - Walk Score: 98,1 Bedroom,1 Bathroom,720 sq. ft,$2800
83 Yosemite Ave Oakland CA 94611,3.5 Miles - Walk Score: 91,2 Bedroom,2 Bathroom,1500 sq. ft,$2800
El Cerrito CA 94530,3.5 Miles - Walk Score: 23,3 Bedroom,3.5 Bathroom,1505 sq. ft,$3290
El Cerrito CA 94530,3.5 Miles - Walk Score: 23,2 Bedroom,2 Bathroom,736 sq. ft,$1297
2055 Center St Berkeley CA 94704,0.2 Miles - Walk Score: 98,Studio,1 Bathroom,459 sq. ft,$2300
2055 Center St Berkeley CA 94704,0.2 Miles - Walk Score: 98,1 Bedroom,1 Bathroom,720 sq. ft,$2800
96 Claremont Ave Orinda CA 94563,3.7 Miles - Walk Score: 11,2 Bedroom,2 Bathroom,1672 sq. ft,$3750
2055 Center St Berkeley CA 94704,0.2 Miles - Walk Score: 98,Studio,1 Bathroom,459 sq. ft,$2300
2055 Center St Berkeley CA 94704,0.2 Miles - Walk Score: 98,1 Bedroom,1 Bathroom,720 sq. ft,$2800
El Cerrito CA 94530,3.7 Miles - Walk Score: 71,2 Bedroom,2 Bathroom,910 sq. ft,$2515
El Cerrito CA 94530,3.7 Miles - Walk Score: 71,2 Bedroom,1 Bathroom,1075 sq. ft,$1950
22 Moss Ave Oakland CA 94610,3.8 Miles - Walk Score: 77,2 Bedroom,2 Bathroom,1019 sq. ft,$2600
2055 Center St Berkeley CA 94704,0.2 Miles - Walk Score: 98,Studio,1 Bathroom,459 sq. ft,$2300
2055 Center St Berkeley CA 94704,0.2 Miles - Walk Score: 98,1 Bedroom,1 Bathroom,720 sq. ft,$2800
425 Orange St Oakland CA 94610,3.8 Miles - Walk Score: 76,2 Bedroom,2 Bathroom,1000 sq. ft,$2700
266 Adams St Oakland CA 94610,4.1 Miles - Walk Score: 72,1 Bedroom,1 Bathroom,786 sq. ft,$1795
2055 Center St Berkeley CA 94704,0.2 Miles - Walk Score: 98,Studio,1 Bathroom,459 sq. ft,$2300
2055 Center St Berkeley CA 94704,0.2 Miles - Walk Score: 98,1 Bedroom,1 Bathroom,720 sq. ft,$2800
Oakland CA 94612,4.2 Miles - Walk Score: 91,2 Bedroom,2 Bathroom,1076 sq. ft,$3623
Oakland CA 94612,4.2 Miles - Walk Score: 91,1 Bedroom,1 Bathroom,741 sq. ft,$1895
Oakland CA 94612,4.2 Miles - Walk Score: 91,1 Bedroom,1 Bathroom,833 sq. ft,$3740
Oakland CA 94612,4.2 Miles - Walk Score: 91,1 Bedroom,1 Bathroom,916 sq. ft,$2450
Oakland CA 94612,4.2 Miles - Walk Score: 91,3 Bedroom,3 Bathroom,1520 sq. ft,$4366
2055 Center St Berkeley CA 94704,0.2 Miles - Walk Score: 98,Studio,1 Bathroom,459 sq. ft,$2300
2055 Center St Berkeley CA 94704,0.2 Miles - Walk Score: 98,1 Bedroom,1 Bathroom,720 sq. ft,$2800
Oakland CA 94612,4.2 Miles - Walk Score: 91,Studio,1 Bathroom,476 sq. ft,$1585
Oakland CA 94612,4.2 Miles - Walk Score: 91,1 Bedroom,1 Bathroom,747 sq. ft,$3234
Oakland CA 94612,4.2 Miles - Walk Score: 91,3 Bedroom,1 Bathroom,1200 sq. ft,$2495
Oakland CA 94612,4.2 Miles - Walk Score: 91,2 Bedroom,2 Bathroom,1207 sq. ft,$2385
Oakland CA 94612,4.2 Miles - Walk Score: 91,1 Bedroom,1 Bathroom,700 sq. ft,$1705
Oakland CA 94612,4.2 Miles - Walk Score: 91,1 Bedroom,1 Bathroom,626 sq. ft,$1655
2055 Center St Berkeley CA 94704,0.2 Miles - Walk Score: 98,Studio,1 Bathroom,459 sq. ft,$2300
2055 Center St Berkeley CA 94704,0.2 Miles - Walk Score: 98,1 Bedroom,1 Bathroom,720 sq. ft,$2800
Oakland CA 94612,4.2 Miles - Walk Score: 91,2 Bedroom,2 Bathroom,960 sq. ft,$1895
Oakland CA 94612,4.2 Miles - Walk Score: 91,2 Bedroom,2 Bathroom,1183 sq. ft,$3150
Oakland CA 94612,4.2 Miles - Walk Score: 91,3 Bedroom,2.5 Bathroom,1365 sq. ft,$2900
2055 Center St Berkeley CA 94704,0.2 Miles - Walk Score: 98,Studio,1 Bathroom,459 sq. ft,$2300
2055 Center St Berkeley CA 94704,0.2 Miles - Walk Score: 98,1 Bedroom,1 Bathroom,720 sq. ft,$2800
Oakland CA 94612,4.2 Miles - Walk Score: 91,2 Bedroom,2 Bathroom,968 sq. ft,$2240
Oakland CA 94612,4.2 Miles - Walk Score: 91,1 Bedroom,1 Bathroom,450 sq. ft,$900
Oakland CA 94612,4.2 Miles - Walk Score: 91,1 Bedroom,1 Bathroom,797 sq. ft,$2010
Oakland CA 94612,4.2 Miles - Walk Score: 91,2 Bedroom,2 Bathroom,1100 sq. ft,$4389
2055 Center St Berkeley CA 94704,0.2 Miles - Walk Score: 98,Studio,1 Bathroom,459 sq. ft,$2300
2055 Center St Berkeley CA 94704,0.2 Miles - Walk Score: 98,1 Bedroom,1 Bathroom,720 sq. ft,$2800
Oakland CA 94612,4.2 Miles - Walk Score: 91,1 Bedroom,1 Bathroom,689 sq. ft,$2270
Oakland CA 94612,4.2 Miles - Walk Score: 91,1 Bedroom,1 Bathroom,800 sq. ft,$2200
Oakland CA 94612,4.2 Miles - Walk Score: 91,1 Bedroom,1 Bathroom,747 sq. ft,$3239
2055 Center St Berkeley CA 94704,0.2 Miles - Walk Score: 98,Studio,1 Bathroom,459 sq. ft,$2300
2055 Center St Berkeley CA 94704,0.2 Miles - Walk Score: 98,1 Bedroom,1 Bathroom,720 sq. ft,$2800
Oakland CA 94612,4.2 Miles - Walk Score: 91,Studio,1 Bathroom,455 sq. ft,$1445
Oakland CA 94612,4.2 Miles - Walk Score: 91,3 Bedroom,2 Bathroom,1325 sq. ft,$3375
2055 Center St Berkeley CA 94704,0.2 Miles - Walk Score: 98,Studio,1 Bathroom,459 sq. ft,$2300
2055 Center St Berkeley CA 94704,0.2 Miles - Walk Score: 98,1 Bedroom,1 Bathroom,720 sq. ft,$2800
Oakland CA 94607,4.4 Miles - Walk Score: 31,1 Bedroom,1 Bathroom,891 sq. ft,$942
Oakland CA 94607,4.4 Miles - Walk Score: 31,1 Bedroom,1 Bathroom,771 sq. ft,$1910
Oakland CA 94607,4.4 Miles - Walk Score: 31,2 Bedroom,2 Bathroom,1139 sq. ft,$3565
Oakland CA 94607,4.4 Miles - Walk Score: 31,1 Bedroom,1 Bathroom,746 sq. ft,$1845
Oakland CA 94607,4.4 Miles - Walk Score: 31,2 Bedroom,2 Bathroom,1329 sq. ft,$4455
2055 Center St Berkeley CA 94704,0.2 Miles - Walk Score: 98,Studio,1 Bathroom,459 sq. ft,$2300
2055 Center St Berkeley CA 94704,0.2 Miles - Walk Score: 98,1 Bedroom,1 Bathroom,720 sq. ft,$2800
Oakland CA 94607,4.4 Miles - Walk Score: 31,1 Bedroom,1 Bathroom,670 sq. ft,$2195
Oakland CA 94607,4.4 Miles - Walk Score: 31,1 Bedroom,1 Bathroom,612 sq. ft,$1950
Oakland CA 94607,4.4 Miles - Walk Score: 31,2 Bedroom,1 Bathroom,575 sq. ft,$2295
Oakland CA 94607,4.4 Miles - Walk Score: 31,1 Bedroom,1 Bathroom,750 sq. ft,$3750
Oakland CA 94607,4.4 Miles - Walk Score: 31,1 Bedroom,1 Bathroom,714 sq. ft,$824
Oakland CA 94607,4.4 Miles - Walk Score: 31,2 Bedroom,2 Bathroom,1303 sq. ft,$4250
2055 Center St Berkeley CA 94704,0.2 Miles - Walk Score: 98,Studio,1 Bathroom,459 sq. ft,$2300
2055 Center St Berkeley CA 94704,0.2 Miles - Walk Score: 98,1 Bedroom,1 Bathroom,720 sq. ft,$2800
Oakland CA 94607,4.4 Miles - Walk Score: 31,Studio,1 Bathroom,427 sq. ft,$930
Oakland CA 94607,4.4 Miles - Walk Score: 31,2 Bedroom,1 Bathroom,854 sq. ft,$1536
Oakland CA 94607,4.4 Miles - Walk Score: 31,1 Bedroom,1 Bathroom,629 sq. ft,$2525
2055 Center St Berkeley CA 94704,0.2 Miles - Walk Score: 98,Studio,1 Bathroom,459 sq. ft,$2300
2055 Center St Berkeley CA 94704,0.2 Miles - Walk Score: 98,1 Bedroom,1 Bathroom,720 sq. ft,$2800
Oakland CA 94607,4.4 Miles - Walk Score: 31,2 Bedroom,2 Bathroom,1077 sq. ft,$3558
Oakland CA 94607,4.4 Miles - Walk Score: 31,2 Bedroom,2 Bathroom,865 sq. ft,$3010
Oakland CA 94607,4.4 Miles - Walk Score: 31,2 Bedroom,1 Bathroom,950 sq. ft,$2200
Oakland CA 94607,4.4 Miles - Walk Score: 31,1 Bedroom,1 Bathroom,714 sq. ft,$880
Oakland CA 94607,4.4 Miles - Walk Score: 31,1 Bedroom,1 Bathroom,714 sq. ft,$880
2055 Center St Berkeley CA 94704,0.2 Miles - Walk Score: 98,Studio,1 Bathroom,459 sq. ft,$2300
2055 Center St Berkeley CA 94704,0.2 Miles - Walk Score: 98,1 Bedroom,1 Bathroom,720 sq. ft,$2800
Oakland CA 94607,4.4 Miles - Walk Score: 31,1 Bedroom,1 Bathroom,771 sq. ft,$3136
Oakland CA 94607,4.4 Miles - Walk Score: 31,2 Bedroom,2.5 Bathroom,1054 sq. ft,$2950
Oakland CA 94607,4.4 Miles - Walk Score: 31,1 Bedroom,1 Bathroom,771 sq. ft,$3612
Oakland CA 94607,4.4 Miles - Walk Score: 31,3 Bedroom,1 Bathroom,1200 sq. ft,$2850
2055 Center St Berkeley CA 94704,0.2 Miles - Walk Score: 98,Studio,1 Bathroom,459 sq. ft,$2300
2055 Center St Berkeley CA 94704,0.2 Miles - Walk Score: 98,1 Bedroom,1 Bathroom,720 sq. ft,$2800
Oakland CA 94607,4.4 Miles - Walk Score: 31,1 Bedroom,1 Bathroom,600 sq. ft,$1900
565 Bellevue Ave Oakland CA 94610,4.5 Miles - Walk Score: 75,1 Bedroom,2 Bathroom,1200 sq. ft,$2000
Oakland CA 94611,4.5 Miles - Walk Score: 52,3 Bedroom,1 Bathroom,1200 sq. ft,$3600
Oakland CA 94611,4.5 Miles - Walk Score: 52,3 Bedroom,2 Bathroom,1938 sq. ft,$4800
2055 Center St Berkeley CA 94704,0.2 Miles - Walk Score: 98,Studio,1 Bathroom,459 sq. ft,$2300
2055 Center St Berkeley CA 94704,0.2 Miles - Walk Score: 98,1 Bedroom,1 Bathroom,720 sq. ft,$2800
Oakland CA 94611,4.5 Miles - Walk Score: 52,3 Bedroom,3.5 Bathroom,2167 sq. ft,$5500
Oakland CA 94611,4.5 Miles - Walk Score: 52,3 Bedroom,4 Bathroom,3027 sq. ft,$5500
Oakland CA 94611,4.5 Miles - Walk Score: 52,1 Bedroom,2 Bathroom,940 sq. ft,$1665
2055 Center St Berkeley CA 94704,0.2 Miles - Walk Score: 98,Studio,1 Bathroom,459 sq. ft,$2300
2055 Center St Berkeley CA 94704,0.2 Miles - Walk Score: 98,1 Bedroom,1 Bathroom,720 sq. ft,$2800
Oakland CA 94611,4.5 Miles - Walk Score: 52,3 Bedroom,2 Bathroom,1484 sq. ft,$4125
2055 Center St Berkeley CA 94704,0.2 Miles - Walk Score: 98,Studio,1 Bathroom,459 sq. ft,$2300
2055 Center St Berkeley CA 94704,0.2 Miles - Walk Score: 98,1 Bedroom,1 Bathroom,720 sq. ft,$2800
Oakland CA 94611,4.5 Miles - Walk Score: 52,2 Bedroom,1.5 Bathroom,1264 sq. ft,$3850
Oakland CA 94611,4.5 Miles - Walk Score: 52,1 Bedroom,1 Bathroom,700 sq. ft,$2195
Oakland CA 94611,4.5 Miles - Walk Score: 52,1 Bedroom,1 Bathroom,600 sq. ft,$1900
2055 Center St Berkeley CA 94704,0.2 Miles - Walk Score: 98,Studio,1 Bathroom,459 sq. ft,$2300
2055 Center St Berkeley CA 94704,0.2 Miles - Walk Score: 98,1 Bedroom,1 Bathroom,720 sq. ft,$2800
Oakland CA 94611,4.5 Miles - Walk Score: 52,2 Bedroom,2 Bathroom,1500 sq. ft,$2800
Oakland CA 94611,4.5 Miles - Walk Score: 52,2 Bedroom,1 Bathroom,800 sq. ft,$1700
2055 Center St Berkeley CA 94704,0.2 Miles - Walk Score: 98,Studio,1 Bathroom,459 sq. ft,$2300
2055 Center St Berkeley CA 94704,0.2 Miles - Walk Score: 98,1 Bedroom,1 Bathroom,720 sq. ft,$2800
Oakland CA 94611,4.5 Miles - Walk Score: 52,3 Bedroom,2 Bathroom,1971 sq. ft,$4900
Oakland CA 94611,4.5 Miles - Walk Score: 52,2 Bedroom,1 Bathroom,825 sq. ft,$2295
2055 Center St Berkeley CA 94704,0.2 Miles - Walk Score: 98,Studio,1 Bathroom,459 sq. ft,$2300
2055 Center St Berkeley CA 94704,0.2 Miles - Walk Score: 98,1 Bedroom,1 Bathroom,720 sq. ft,$2800
2055 Center St Berkeley CA 94704,0.2 Miles - Walk Score: 98,Studio,1 Bathroom,459 sq. ft,$2300
2055 Center St Berkeley CA 94704,0.2 Miles - Walk Score: 98,1 Bedroom,1 Bathroom,720 sq. ft,$2800
Oakland CA 94610,4.6 Miles - Walk Score: 83,2 Bedroom,2 Bathroom,1000 sq. ft,$2700
Oakland CA 94610,4.6 Miles - Walk Score: 83,2 Bedroom,2 Bathroom,1466 sq. ft,$4200
2055 Center St Berkeley CA 94704,0.2 Miles - Walk Score: 98,Studio,1 Bathroom,459 sq. ft,$2300
2055 Center St Berkeley CA 94704,0.2 Miles - Walk Score: 98,1 Bedroom,1 Bathroom,720 sq. ft,$2800
Oakland CA 94610,4.6 Miles - Walk Score: 83,3 Bedroom,2 Bathroom,1675 sq. ft,$4600
Oakland CA 94610,4.6 Miles - Walk Score: 83,2 Bedroom,2 Bathroom,1019 sq. ft,$2600
Oakland CA 94610,4.6 Miles - Walk Score: 83,1 Bedroom,1 Bathroom,786 sq. ft,$1795
2055 Center St Berkeley CA 94704,0.2 Miles - Walk Score: 98,Studio,1 Bathroom,459 sq. ft,$2300
2055 Center St Berkeley CA 94704,0.2 Miles - Walk Score: 98,1 Bedroom,1 Bathroom,720 sq. ft,$2800
2055 Center St Berkeley CA 94704,0.2 Miles - Walk Score: 98,Studio,1 Bathroom,459 sq. ft,$2300
2055 Center St Berkeley CA 94704,0.2 Miles - Walk Score: 98,1 Bedroom,1 Bathroom,720 sq. ft,$2800
2055 Center St Berkeley CA 94704,0.2 Miles - Walk Score: 98,Studio,1 Bathroom,459 sq. ft,$2300
2055 Center St Berkeley CA 94704,0.2 Miles - Walk Score: 98,1 Bedroom,1 Bathroom,720 sq. ft,$2800
Richmond CA 94804,4.7 Miles - Walk Score: 31,4 Bedroom,2.5 Bathroom,1955 sq. ft,$3350
2055 Center St Berkeley CA 94704,0.2 Miles - Walk Score: 98,Studio,1 Bathroom,459 sq. ft,$2300
2055 Center St Berkeley CA 94704,0.2 Miles - Walk Score: 98,1 Bedroom,1 Bathroom,720 sq. ft,$2800
Richmond CA 94804,4.7 Miles - Walk Score: 31,1 Bedroom,1 Bathroom,800 sq. ft,$1793
Richmond CA 94804,4.7 Miles - Walk Score: 31,4 Bedroom,2 Bathroom,1600 sq. ft,$2250
2055 Center St Berkeley CA 94704,0.2 Miles - Walk Score: 98,Studio,1 Bathroom,459 sq. ft,$2300
2055 Center St Berkeley CA 94704,0.2 Miles - Walk Score: 98,1 Bedroom,1 Bathroom,720 sq. ft,$2800
Richmond CA 94804,4.7 Miles - Walk Score: 31,2 Bedroom,1 Bathroom,939 sq. ft,$1700
Richmond CA 94804,4.7 Miles - Walk Score: 31,3 Bedroom,1 Bathroom,1000 sq. ft,$2100
Richmond CA 94804,4.7 Miles - Walk Score: 31,2 Bedroom,2 Bathroom,959 sq. ft,$2650
2055 Center St Berkeley CA 94704,0.2 Miles - Walk Score: 98,Studio,1 Bathroom,459 sq. ft,$2300
2055 Center St Berkeley CA 94704,0.2 Miles - Walk Score: 98,1 Bedroom,1 Bathroom,720 sq. ft,$2800
Richmond CA 94804,4.7 Miles - Walk Score: 31,2 Bedroom,1 Bathroom,698 sq. ft,$1506
Richmond CA 94804,4.7 Miles - Walk Score: 31,3 Bedroom,2 Bathroom,1135 sq. ft,$1181
Richmond CA 94804,4.7 Miles - Walk Score: 31,3 Bedroom,1.5 Bathroom,1364 sq. ft,$2100
2055 Center St Berkeley CA 94704,0.2 Miles - Walk Score: 98,Studio,1 Bathroom,459 sq. ft,$2300
2055 Center St Berkeley CA 94704,0.2 Miles - Walk Score: 98,1 Bedroom,1 Bathroom,720 sq. ft,$2800
Richmond CA 94804,4.7 Miles - Walk Score: 31,2 Bedroom,1 Bathroom,750 sq. ft,$1350
Richmond CA 94804,4.7 Miles - Walk Score: 31,3 Bedroom,1 Bathroom,907 sq. ft,$2500
2055 Center St Berkeley CA 94704,0.2 Miles - Walk Score: 98,Studio,1 Bathroom,459 sq. ft,$2300
2055 Center St Berkeley CA 94704,0.2 Miles - Walk Score: 98,1 Bedroom,1 Bathroom,720 sq. ft,$2800
Richmond CA 94804,4.7 Miles - Walk Score: 31,2 Bedroom,1 Bathroom,935 sq. ft,$968
Richmond CA 94804,4.7 Miles - Walk Score: 31,2 Bedroom,1 Bathroom,1082 sq. ft,$2250
Richmond CA 94804,4.7 Miles - Walk Score: 31,3 Bedroom,2 Bathroom,1353 sq. ft,$2050
2055 Center St Berkeley CA 94704,0.2 Miles - Walk Score: 98,Studio,1 Bathroom,459 sq. ft,$2300
2055 Center St Berkeley CA 94704,0.2 Miles - Walk Score: 98,1 Bedroom,1 Bathroom,720 sq. ft,$2800
Richmond CA 94804,4.7 Miles - Walk Score: 31,3 Bedroom,2.5 Bathroom,1988 sq. ft,$3300
Richmond CA 94804,4.7 Miles - Walk Score: 31,1 Bedroom,1 Bathroom,720 sq. ft,$1750
Richmond CA 94804,4.7 Miles - Walk Score: 31,1 Bedroom,1 Bathroom,533 sq. ft,$1650
Richmond CA 94804,4.7 Miles - Walk Score: 31,2 Bedroom,1 Bathroom,670 sq. ft,$1500
Richmond CA 94804,4.7 Miles - Walk Score: 31,2 Bedroom,1 Bathroom,804 sq. ft,$1400
2055 Center St Berkeley CA 94704,0.2 Miles - Walk Score: 98,Studio,1 Bathroom,459 sq. ft,$2300
2055 Center St Berkeley CA 94704,0.2 Miles - Walk Score: 98,1 Bedroom,1 Bathroom,720 sq. ft,$2800
Richmond CA 94804,4.7 Miles - Walk Score: 31,2 Bedroom,1 Bathroom,800 sq. ft,$990
Richmond CA 94804,4.7 Miles - Walk Score: 31,1 Bedroom,1 Bathroom,700 sq. ft,$1200
Richmond CA 94804,4.7 Miles - Walk Score: 31,2 Bedroom,1 Bathroom,825 sq. ft,$990
2055 Center St Berkeley CA 94704,0.2 Miles - Walk Score: 98,Studio,1 Bathroom,459 sq. ft,$2300
2055 Center St Berkeley CA 94704,0.2 Miles - Walk Score: 98,1 Bedroom,1 Bathroom,720 sq. ft,$2800
Richmond CA 94804,4.7 Miles - Walk Score: 31,2 Bedroom,1 Bathroom,670 sq. ft,$1500
901 Jefferson St Oakland CA 94607,4.8 Miles - Walk Score: 96,1 Bedroom,1 Bathroom,653 sq. ft,$2665
2055 Center St Berkeley CA 94704,0.2 Miles - Walk Score: 98,Studio,1 Bathroom,459 sq. ft,$2300
2055 Center St Berkeley CA 94704,0.2 Miles - Walk Score: 98,1 Bedroom,1 Bathroom,720 sq. ft,$2800
1425 Lakeside Dr Oakland CA 94612,4.9 Miles - Walk Score: 97,1 Bedroom,1 Bathroom,821 sq. ft,$1680
Oakland CA 94623,4.9 Miles - Walk Score: 57,2 Bedroom,2 Bathroom,1177 sq. ft,$3675
Richmond CA 94805,5.5 Miles - Walk Score: 75,2 Bedroom,2 Bathroom,1100 sq. ft,$1800
Richmond CA 94805,5.5 Miles - Walk Score: 75,1 Bedroom,1 Bathroom,604 sq. ft,$1011
